"Bank","Code","Country","Tag","Currency"
"JAIZ BANK","301","Nigeria","jaiz","NGN"
"Parkway","311","Nigeria","parkway","NGN"
"PAYCOM","305","Nigeria","paycom","NGN"
"SKYE BANK PLC","076","Nigeria","skyebank","NGN"
"STANBIC IBTC BANK PLC","221","Nigeria","stanbic","NGN"
"Stanbic Mobile","304","Nigeria","stanbic-mobile","NGN"
"STANDARD CHARTERED BANK NIGERIA LIMITED","068","Nigeria","standard-chartered","NGN"
"STERLING BANK PLC","232","Nigeria","sterling","NGN"
"UNION BANK OF NIGERIA PLC","032","Nigeria","unionbank","NGN"
"UNITED BANK FOR AFRICA PLC","033","Nigeria","uba","NGN"
"UNITY BANK PLC","215","Nigeria","unity","NGN"
"WEMA BANK PLC","035","Nigeria","wema","NGN"
"ZENITH BANK PLC","057","Nigeria","zenith","NGN"
"ZENITH Mobile","322","Nigeria","zenith-mobile","NGN"
"KEYSTONE BANK PLC","082","Nigeria","keystone","NGN"
"HERITAGE BANK","030","Nigeria","heritage","NGN"
"ACCESS BANK NIGERIA","044","Nigeria","access","NGN"
"ACCESS MOBILE","323","Nigeria","access-mobile","NGN"
"AFRIBANK NIGERIA PLC","014","Nigeria","afribank","NGN"
"Aso Savings and Loans","401","Nigeria","aso-savings","NGN"
"DIAMOND BANK PLC","063","Nigeria","diamond","NGN"
"Ecobank Mobile","307","Nigeria","ecobank-mobile","NGN"
"ECOBANK NIGERIA PLC","050","Nigeria","ecobank","NGN"
"ENTERPRISE BANK LIMITED","084","Nigeria","enterprise","NGN"
"GTBANK PLC","058","Nigeria","gtb","NGN"
"GTBank Mobile Money","315","Nigeria","gtb-mobile","NGN"
"FIRST CITY MONUMENT BANK PLC","214","Nigeria","fcmb","NGN"
"FIRST BANK PLC","011","Nigeria","firstbank","NGN"
"FIDELITY BANK PLC","070","Nigeria","fidelity","NGN"
"FBN MOBILE","309","Nigeria","first-mobile","NGN"
"Guardian Bank Limited","55","Kenya","guardian","KES"
"Victoria Commercial Bank Limited","54","Kenya","victoriabank","KES"
"Guaranty Trust Bank","53","Kenya","finabank","KES"
"Jamii Bora Bank","51","Kenya","jamii","KES"
"Paramount Universal Bank Limited","50","Kenya","paramountbank","KES"
"Equatorial Commercial Bank Limited","49","Kenya","equatorial","KES"
"ECO Bank Limited","43","Kenya","ecokenya","KES"
"Giro Commercial Bank Limited","42","Kenya","giro","KES"
"NIC Bank Limited","41","Kenya","nicbank","KES"
"Investments n Mortgages Bank Limited","57","Kenya","mortgagebank","KES"
"Development Bank of Kenya Limited","59","Kenya","developmentbank","KES"
"Fidelity Commercial Bank Limited","60","Kenya","fidelitybank","KES"
"MPESA","MPS","Kenya","mpesa","KES"
"UBA Kenya Bank Ltd","76","Kenya","ubakenya","KES"
"First Community Bank","74","KE","firstcommunity","KES"
"Gulf African Bank Ltd","72","Kenya","gulfbank","KES"
"Family Bank Ltd","70","Kenya","familybank","KES"
"Equity Bank Limited","68","Kenya","equity","KES"
"K-Rep Bank Limited","66","Kenya","krep","KES"
"Diamond Trust Bank Limited","63","KE","diamondtrust","KES"
"Housing Finance Bank","61","Kenya","housingbank","KES"
"Imperial Bank Limited","39","Kenya","imperialbank","KES"
"African Banking Corp. Bank Ltd","35","Kenya","africanbank","KES"
"Co-operative Bank of Kenya Limited","11","Kenya","cooperativebank","KES"
"Prime Bank Limited","10","Kenya","primebank","KES"
"Central Bank of Kenya","09","Kenya","centeralbankkenya","KES"
"Habib Bank Limited","08","Kenya","habibkenya","KES"
"Commercial Bank of Africa Limited","07","Kenya","bankafricakenya","KES"
"Bank of Baroda (Kenya Limited)","06","Kenya","barodabank","KES"
"Bank of India","05","Kenya","bankofindia","KES"
"Barclays Bank of Kenya Limited","03","Kenya","barclaysbank","KES"
"Standard Chartered Bank Kenya Limited","02","Kenya","standardbankkenya","KES"
"Kenya Commercial Bank Limited","01","Kenya","kenyabank","KES"
"National Bank of Kenya Limited","12","Kenya","nationalbankkenya","KES"
"Oriental Commercial Bank Limited","14","Kenya","orientalbank","KES"
"Chase Bank Limited","30","Kenya","chase","KES"
"CFC Stanbic Bank Kenya Limited","31","Kenya","cfcbank","KES"
"Trans-National Bank Limited","26","Kenya","transnational","KES"
"Credit Bank Limited","25","Kenya","creditbank","KES"
"Consolidated Bank of Kenya Limited","23","Kenya","bankofkenya","KES"
"Dubai Bank Kenya Limited","20","Kenya","dubaibank","KES"
"Bank of Africa Kenya Limited","19","Kenya","bankafrica","KES"
"Middle East Bank Kenya Limited","18","Kenya","middleeastbank","KES"
"Habib Bank A.G. Zurich","17","Kenya","habibbank","KES"
"Citibank N.A.","16","Kenya","citibank","KES"
"ROYAL BANK","GH300100","Ghana","royalbank","GHS"
"STANBIC BANK","GH190100","Ghana","stanbicghana","GHS"
"STANDARD CHARTERED BANK","GH020100","Ghana","standardbank","GHS"
"UNITED BANK FOR AFRICA","GH060100","Ghana","ubaghana","GHS"
"UNIVERSAL MERCHANT BANK","GH100100","Ghana","universalbank","GHS"
"ZENITH BANK","GH120100","Ghana","zenithghana","GHS"
"NATIONAL INVESTMENT BANK","GH050100","Ghana","nationalbank","GHS"
"HFC BANK","GH110100","Ghana","hfcbank","GHS"
"GUARANTY TRUST BANK","GH230100","Ghana","gtbghana","GHS"
"FIRST NATIONAL BANK","GH330100","Ghana","firstnational","GHS"
"ENERGY BANK","GH290100","Ghana","energybank","GHS"
"ECOBANK","GH130100","Ghana","ecoghana","GHS"
"CAL BANK","GH140100","Ghana","calbank","GHS"
"ACCESS BANK GH LTD","GH280100","Ghana","accessghana","GHS"
"GCB BANK LTD","GH040100","Ghana","gcbghana","GHS"
"First National Bank","FNB","South Africa","firstnationalsa","ZAR"
"Nedbank Limited","NedBank","South Africa","nedbank","ZAR"
"CENTENARY RURAL DEVELOPMENT","UG16000","Uganda","centeralbankuganda","UGX"
"DFCU Bank","UG05000","Uganda","dfcubank","UGX"
"BARCLAYS BANK OF UGANDA  LIMITED","UG01000","Uganda","barclaysbankuganda","UGX"
"I&M Bank Uganda Limited","UG11000","UG","i&mbank","UGX"
"NC BANK UGANDA LIMITED","UG35000","Uganda","ncbankuganda","UGX"
"DIAMOND TRUST BANK","UG19000","Uganda","diamondtrust","UGX"
"ECOBANK (U) LTD","UG029000","Uganda","ecouganda","UGX"
"TROPICAL BANK OF AFRICA","UG06000","Uganda","tropicalbank","UGX"
"BANK OF BARODA","UG02000","Uganda","barodabankuganda","UGX"
"UNITED BANK FOR AFRICA UG LTD","UG26000","Uganda","ubauganda","UGX"
"CITIBANK N.A.","UG22000","Uganda","citibankuganda","UGX"
"EXIM BANK","UG32000","Uganda","eximbank","UGX"
"HOUSING FINANCE BANK","UG23000","Uganda","housingbankuganda","UGX"
"BANK OF AFRICA","UG13000","Uganda","bankafricauganda","UGX"
"FINANCE TRUST BANK","UG37000","Uganda","financetrust","UGX"
"COMMERCIAL BANK OF AFRICA UGANDA LIMITED","UG36000","Uganda","commercialbank","UGX"
"KCB BANK UGANDA LTD","UG25000","Uganda","kcbbank","UGX"
"STANBIC BANK LIMITED","UG04000","Uganda","stanbicuganda","UGX"
"ABC CAPITAL BANK LIMITED","UG031000","Uganda","abccapital","UGX"
"EQUITY BANK","UG30000","Uganda","equityuganda","UGX"
"STANDARD CHARTERED BANK","UG08000","Uganda","standardcharteredug","UGX"
"CAIRO INTERNATIONAL BANK","UG18000","Uganda","cairobank","UGX"
"Mobile Money","MPS","Uganda","mobilemoneyug","UGX"
"AB Bank Zambia Limited","ZM210000","Zambia","abbankzambia","ZMW"
"AccSouth Sudan Bank","ZM350000","Zambia","accsouth","ZMW"
"Banc ABC","ZM200000","Zambia","bancabc","ZMW"
"Bank of China","ZM190000","Zambia","bankofchinazambia","ZMW"
"Bank Of Zambia Lusaka","ZM000000","Zambia","bankofzambia","ZMW"
"Barclays Bank","ZM020000","Zambia","barclaysbankzambia","ZMW"
"Cavmont Bank","ZM130000","Zambia","cavmontbank","ZMW"
"Citibank","ZM030000","Zambia","citibankzambia","ZMW"
"Ecobank","ZM360000","Zambia","ecobankzambia","ZMW"
"FinanceBank","ZM110000","Zambia","financebankzambia","ZMW"
"First Alliance Bank","ZM340000","Zambia","firstalliance","ZMW"
"First Capital Bank","ZM280000","Zambia","firstcapital","ZMW"
"First National Bank","ZM260000","Zambia","firstnationalzambia","ZMW"
"Indo Zambia Bank","ZM090000","Zambia","indobank","ZMW"
"Intermarket Banking Corporation","ZM150000","Zambia","intermarket","ZMW"
"Investrust","ZM170000","Zambia","investrust","ZMW"
"Stanbic Bank","ZM040000","Zambia","stanbiczambia","ZMW"
"Standard Chartered Bank","ZM060000","Zambia","standardcharteredzambia","ZMW"
"United Bank of Africa","ZM180000","Zambia","ubazambia","ZMW"
"Zambia National Commercial Bank","ZM010000","Zambia","zambianationalbank","ZMW"
"AccSouth Sudan Bank - Côte dIvoire","CI106","Ivory Coast","accsouthci","XOF"
"BACI - Banque Atlantique Côte dIvoire","CI034","Ivory Coast","bacibank","XOF"
"BOA - Bank Of Africa - Côte dIvoire","CI032","Ivory Coast","bankofafricaci","XOF"
"BANQUE DE L UNION","CI180","Ivory Coast","banqueunion","XOF"
"BANQUE DU TRESOR COTE DIVOIRE","CI650","Ivory Coast","banquetresor","XOF"
"Banque Internat pour le Com et lInd de","CI148100","Ivory Coast","banqueinternat","XOF"
"BANQUE MALIENNE DE SOLIDARITE","CI188","Ivory Coast","banquemalienne","XOF"
"BFA - Banque Financement Agriculture","CI114","Ivory Coast","bfabanque","XOF"
"BGFI Cote dIvoire","CI162","Ivory Coast","bgfibank","XOF"
"BHCI - Banque Habitat de C™te dIvoire","CI068","Ivory Coast","bhcibanque","XOF"
"BIAO - COTE DIVOIRE","CI042","Ivory Coast","biaobanque","XOF"
"BICICI","CI006","Ivory Coast","bicici","XOF"
"BNI - Banque Nationale dInvestissement","CI092","Ivory Coast","bnibanque","XOF"
"Bridge Bank Group - C™te dIvoire","CI131","Ivory Coast","bridgebank","XOF"
"BSIC  - Côte dIvoire","CI154","Ivory Coast","bsicbank","XOF"
"Citi Bank - Côte dIvoire","CI118","Ivory Coast","citibankci","XOF"
"CNCE - Caisse Nat des Caisses Epargne","CI155","Ivory Coast","cncecaisse","XOF"
"COFIPA Investment Bank","CI071","Ivory Coast","cofipabank","XOF"
"CORIS BANK COTE D IVOIRE","CI166","Ivory Coast","corisbank","XOF"
"GT Bank Cote d Ivoire","CI163","Ivory Coast","gtbankci","XOF"
"ORABANK","CI121","Ivory Coast","orabank","XOF"
"SGBCI-Societe Generale de Banques","CI008","Ivory Coast","sgbcisociete","XOF"
"SIB - SociŽtŽ Ivoirienne de Banque","CI007","Ivory Coast","sibsociete","XOF"
"Standard Chartered Bank","CI097","Ivory Coast","standardcharteredci","XOF"
"UBA  United Bank for Africa CI","CI150","Ivory Coast","ubaci","XOF"
"Versus Bank","CI112","Ivory Coast","versusbank","XOF"
"BANK OF GHANA","GH010100","Ghana","bankghana","GHS"
"BARCLAYS BANK","GH030100","Ghana","barclaysbank","GHS"
"ARB APEX BANK LTD","GH070100","Ghana","arbbank","GHS"
"AGRICULTURAL DEVELOPMENT BANK","GH080100","Ghana","agriculturalbank","GHS"
"SG-SSB LTD","GH090100","Ghana","sgssbbank","GHS"
"THE TRUST BANK LTD","GH150100","Ghana","trustbank","GHS"
"UT BANK","GH160100","Ghana","utbank","GHS"
"FIRST ATLANTIC MERCHANT","GH170100","Ghana","firstatlantic","GHS"
"PRUDENTIAL BANK LTD","GH180100","Ghana","prudentialbank","GHS"
"FBN BANK GHANA","GH200100","Ghana","fbnbank","GHS"
"AMALGAMATED BANK LTD","GH210100","Ghana","amalgamatedbank","GHS"
"UNIBANK GHANA LTD","GH220100","Ghana","unibankghana","GHS"
"FIDELITY BANK","GH240100","Ghana","fidelitybank","GHS"
"INTERCONTINENTAL BANK LTD","GH250100","Ghana","internationalbank","GHS"
"BANK OF BARODA","GH260100","Ghana","bankbaroda","GHS"
"FIRST CAPITAL PLUS  BANK","GH310100","Ghana","firstcapital","GHS"
"GN BANK LTD","GH320100","Ghana","gnbank","GHS"
"SOVEREIGN BANK","GH340100","Ghana","sovereignbank","GHS"
"PREMIUM BANK","GH350100","Ghana","premiumbank","GHS"
"OMNIBANK GHANA LTD","GH360100","Ghana","omnibankghana","GHS"
"Airtel","AIRTEL","Ghana","airtel","GHS"
"Vodafone","VODAFONE","Ghana","vodafone","GHS"
"TIGO","TIGO","Ghana","tigo","GHS"
"MTN Mobile","MTN","Ghana","mtn","GHS"
"Absa Bank Kenya Plc","003","Kenya","absakenya","KES"
"Rubies Microfinance Bank","090175","Nigeria","rubiesbank","NGN"
"IBANK Microfinance Bank","090115","NG","ibankmicrofinance","NGN"
"Kuda","090267","Nigeria","kuda","NGN"
"Suntrust Bank","100","Nigeria","suntrustbank","NGN"
"FINATRUST MICROFINANCE BANK","608","Nigeria","finatrustbank","NGN"
"ProvidusBank PLC","101","Nigeria","providusbank","NGN"
"Bank of India","UG034000","Uganda","bankindia","UGX"
"FINCA UGANDA LIMITED 1","UG053000","Uganda","fincauganda","UGX"
"NATIONAL BANK OF COMMERCE","UG15000","Uganda","nationalbank","UGX"
"CRANE BANK","UG17000","Uganda","cranebank","UGX"
"GLOBAL TRUST BANK","UG24000","Uganda","globalbank","UGX"
"GUARANTEE TRUST BANK","UG27000","Uganda","gtbuganda","UGX"
"BANK OF UGANDA","UG47000","Uganda","bankuganda","UGX"
"FINCA UGANDA LIMITED","UG53000","Uganda","fincauganda","UGX"
"POST BANK UGANDA LIMITED","UG56000","Uganda","postbank","UGX"
"PRIDE MICROFINANCE LIMITED","UG57000","Uganda","pridemicrofinance","UGX"
"OPPORTUNITY BANK UGNADA LIMITED","UG61000","Uganda","opportunitybank","UGX"
"Top Finance Bank Limited","UG62000","Uganda","topbank","UGX"
"BANK OF UGANDA 1","UG99000","Uganda","bankugandaone","UGX"
"COMMERZBANK - EUR","UGCOBEUR","Uganda","commerzbankeur","UGX"
"COMMERZBANK - GBP","UGCOBGBP","Uganda","commerzbankgbp","UGX"
"COMMERZBANK - USD","UGCOBUSD","Uganda","commerzbankusd","UGX"
"NEDBANK","UGNEDZAR","Uganda","nedbank","UGX"
"Polaris bank","076","Nigeria","nedbank","NGN"
"Rand merchant Bank","502","Nigeria","randbank","NGN"
"Globus Bank","103","Nigeria","globusbank","NGN"
"Mobile Money","MPS","Rwanda","mps","RWF"
"National Bank of Rwanda","RW000000","Rwanda","nationalbankrw","RWF"
"I & M bank","RW010000","Rwanda","imbank","RWF"
"BanK of Kigali","RW040000","Rwanda","bankkigali","RWF"
"GT bank","RW070000","Rwanda","gtbankrw","RWF"
"Ecobank","RW100000","Rwanda","ecobankrw","RWF"
"Access Bank","RW115000","Rwanda","accessbankrw","RWF"
"Cogebank","RW130000","Rwanda","cogebank","RWF"
"Urwego Opportinuity Bank","RW145000","Rwanda","urwegobank","RWF"
"Kenya Commercial Bank","RW160000","Rwanda","kenyacommerical","RWF"
"Equity Bank","RW192000","Rwanda","equitybankrw","RWF"
"Agaseke Bank","RW208000","Rwanda","agesekebank","RWF"
"Unguka Bank","RW224000","Rwanda","ungukabank","RWF"
"Banque Populaire du Rwanda","RW400000","Rwanda","banquepopulaire","RWF"
"Banque de Developpement du Rwanda","RW750000","Rwanda","banquedeveloppement","RWF"
"Zigama CSS Bank","RW800000","Rwanda","zigamabank","RWF"
"Standard Bank","Standard","South Africa","standardbanksa","ZAR"
"Capitec Bank","Capitec","South Africa","capitec","ZAR"
"Investec Bank","Investec","South Africa","investecbank","ZAR"
"ABSA","ABSA","South Africa","absa","ZAR"
"African Bank","AfricanBank","South Africa","africabank","ZAR"
"Old Mutual Money Account","OldMutualMoney","South Africa","oldmutual","ZAR"
"Bidvest Bank","Bidvest","South Africa","bidvest","ZAR"
"Discovery Bank","DiscoveryBank","South Africa","discovery","ZAR"
"ATTIJARI BANK TUNIS TN","BSTUTNTTXX","Ivory Coast","attijaribank","XOF"
"Banque Internationale pour lA de lO","CI092100","Ivory Coast","banqueinternationale","XOF"
"BCEAO COTE DIVOIRE","CI000","Ivory Coast","bceao","XOF"
"CO-OPERATtVE BANK LtM|TED","CPOB","Ivory Coast","cooperativebank","XOF"
"Diamond Bank Côte dIvoire","CI158","Ivory Coast","diamondbankci","XOF"
"Ecobank Cote DIvoire","CI059","Ivory Coast","ecobankci","XOF"
"FIRST RAND BANK South Africa","CIFIRSTZA","Ivory Coast","firstrandbank","XOF"
"NABIL BANK LIMITED","NARBNPKAXX","Ivory Coast","nabilbank","XOF"
"SOCIETE GNigerRAL DE MAURITANIE","MA001","Ivory Coast","societegnigerral","XOF"
"Mobile Money","FMM","Ivory Coast","fmm","XOF"
"Mobile Money","MPS","Zambia","mps","ZMW"
"Amole Mobile Money","ETBAMOLE","Ethiopia","amm","ETB"
"Zemen Bank","19","Ethiopia","zemenbank","ETB"
"Wegagaen Bank","18","Ethiopia","wegagaenbank","ETB"
"United Bank","17","Ethiopia","unitedbank","ETB"
"Oromia International Bank","16","Ethiopia","oromiabank","ETB"
"NIB International Bank","15","Ethiopia","nibbank","ETB"
"Lion International Bank","14","Ethiopia","lionbank","ETB"
"Enat Bank","13","Ethiopia","enatbank","ETB"
"Development Bank of Ethiopia","12","Ethiopia","developmentbank-ethiopia","ETB"
"Debub Global Bank","11","Ethiopia","debubglobal-bank","ETB"
"Dashen Bank","10","Ethiopia","dashenbank","ETB"
"Cooperative Bank of Oromia","9","Ethiopia","cooperativebank-oromia","ETB"
"Construction and Business Bank","8","Ethiopia","construction-businessbank","ETB"
"Commercial Bank of Ethiopia","7","Ethiopia","commercialbank-ethiopia","ETB"
"Bunna International Bank","6","Ethiopia","bunnabank","ETB"
"Berhan International Bank","5","Ethiopia","berhanbank","ETB"
"Abyssinia Bank","4","Ethiopia","abyssiniabank","ETB"
"Awash International Bank","3","Ethiopia","awashbank","ETB"
"Addis International Bank","2","Ethiopia","addisbank","ETB"
"Abay Bank S.C.","1","Ethiopia","abaybank","ETB"
"FINCA MICROFINANCE BANK LIMITED","11295332","Tanzania","fincamicrofinance","TZS"
"CRDB BANK LTD","20638300","Tanzania","crdbbank","TZS"
"PEOPLES BANK OF ZANZIBAR LTD","20638800","Tanzania","peoplesbank","TZS"
"STANDARD CHARTERED BANK (T) LTD","99354428","Tanzania","standardcharteredtz","TZS"
"STANBIC BANK (T) LTD","60000066","Tanzania","stanbictz","TZS"
"GT BANK (T) LTD","11321840","Tanzania","gtbanktz","TZS"
"CITIBANK (T) LTD","97723620","Tanzania","citibanktz","TZS"
"DIAMOND TRUST BANK (T) LTD","97723632","Tanzania","diamondtrusttz","TZS"
"AKIBA COMMERCIAL BANK (T) LTD","97906794","Tanzania","akibacomm","TZS"
"EXIM BANK TANZANIA LTD","98080262","Tanzania","eximbanktz","TZS"
"NBC (1997) LTD","20638400","Tanzania","nbc","TZS"
"NATIONAL MICROFINANCE BANK","97723612","Tanzania","nationalbank","TZS"
"HABIB AFRICAN BANK LTD","97723714","Tanzania","habibbanktz","TZS"
"INTERNATIONAL COMMERCIAL BANK (T) LTD","97723712","Tanzania","intercommercial","TZS"
"BARCLAYS BANK (T) LTD","97723718","Tanzania","barclaysbanktz","TZS"
"I & M BANK (T) LTD","98116446","Tanzania","iandmbank","TZS"
"COMMERCIAL BANK OF AFRICA (T) LTD","99055178","Tanzania","commercialbanktz","TZS"
"DAR ES SALAAM STOCK EXCHANGE","27187316","Tanzania","daressalamse","TZS"
"NIC BANK LTD","98116456","Tanzania","nicbanktz","TZS"
"BANK OF BARODA (T) LTD","25548988","Tanzania","barodabanktz","TZS"
"AZANIA BANK LTD","98116452","Tanzania","azaniabank","TZS"
"BANK M (TANZANIA) LTD","25702616","Tanzania","bankmtz","TZS"
"AFRICAN BANK CORP LTD","25522608","Tanzania","africanbanktz","TZS"
"ACCESS BANK (T) LTD","25716848","Tanzania","accessbanktz","TZS"
"BANK OF INDIA (T) LTD","25894404","Tanzania","bankofindiatz","TZS"
"UNITED BANK FOR AFRICA","26194946","Tanzania","ubatz","TZS"
"MKOMBOZI COMMERCIAL BANK LTD","26260012","Tanzania","mkombozi","TZS"
"FIRST NATIONAL BANK (T) LTD","26500306","Tanzania","fnbtz","TZS"
"AMANA BANK","26695702","Tanzania","amanabank","TZS"
"EQUITY BANK (T) LTD","26702352","Tanzania","equitytz","TZS"
"COVENANT BANK LTD","26965348","Tanzania","convenantbank","TZS"
"UBL","27121304","Tanzania","ublbank","TZS"
"MAENDELEO BANK","27121334","Tanzania","maendeleo","TZS"
"Ecobank Tanzania","TZ674000","Tanzania","ecobanktz","TZS"
"CANARA BANK (TANZANIA) LTD","11288188","Tanzania","canarabank","TZS"
"MWALIMU COMMERCIAL BANK PLC","11298200","Tanzania","mwalimucommercial","TZS"
"UCHUMI COMMERCIAL BANK LTD","99055174","Tanzania","uchumibank","TZS"
"KILIMANJARO CO-OPERATIVE BANK LTD","97723634","Tanzania","kilimanjaro","TZS"
"AMANA BANK","26695702","Tanzania","amanabank","TZS"
"BANK OF AFRICA (T) LTD","99229218","Tanzania","bankafricatz","TZS"
"TANZANIA WOMENS BANK LTD","26262682","Tanzania","tanzaniawomen","TZS"
"TWIGA BANCORP LTD","25562250","Tanzania","twigabancorp","TZS"
"TIB CORPORATE BANK LIMITED","11274858","Tanzania","tibcorporatetz","TZS"
"TANZANIA AGRICULTURAL DEVELOPMENT BANK","11288192","Tanzania","tzagricbank","TZS"
"YETU MICROFINANCE BANK PLC","11335200","Tanzania","yetumfb","TZS"
"TZWALLET","20021376IK","Tanzania","tzwallet","TZS"
"BANK OF TANZANIA","20638200","Tanzania","bankoftz","TZS"
"TIB DEVELOPMENT BANK LTD","20638700","Tanzania","tibdevtz","TZS"
"TPB BANK COMPANY LTD","22017470","Tanzania","tpbbanktz","TZS"
"CROWN FINANCE AND LEASING LIMITED","25522602","Tanzania","crownfintz","TZS"
"KARADHA COMPANY LTD","25522604","Tanzania","karadha","TZS"
"NATIONAL BUREAU DE CHANGE LIMITED","25522606","Tanzania","nationalbdctz","TZS"
"ORBIT SECURITES CO LTD","26187724","Tanzania","orbitsectz","TZS"
"TANZANIA REVENUE AUTHORITY","26545582","Tanzania","tzrevenue","TZS"
"TANZANIA HOUSING BANK","26618356","Tanzania","tzhousing","TZS"
"LETSHEGO BANK (T) LIMITED","26852058","Tanzania","letshegotz","TZS"
"SABMILLER TANZANIA","26955990","Tanzania","sabmillertz","TZS"
"MWANGA COMMUNITY BANK LTD","26965406","Tanzania","mwangatz","TZS"
"TRUST BANK (TANZANIA) LIMITED","27162738","Tanzania","trustbanktz","TZS"
"CHINA COMMERCIAL BANK LIMITED","27307960","Tanzania","chinacommercialtz","TZS"
"MUCOBA BANK PLC","27357708","Tanzania","mucobatz","TZS"
"FIRST HOUSING FINANCE TANZANIA LIMITED","27541834","Tanzania","firsthousingfin","TZS"
"KCB BANK TANZANIA LTD","97723710","Tanzania","kcbtz","TZS"
"DCB COMMERCIAL BANK PLC","98116448","Tanzania","dcbtz","TZS"
"Airtel Malawi","AIRTELMW","Malawi","airtelmalawi","MWK"
"PALMPAY","100033","Nigeria","palmpay","NGN"
"Paga","327","Nigeria","paga","NGN"
"Airtel Tanzania","airtel","TZ","airtel","TZS"
"EUMOBILE","EUMOBILE","CM","EUMOBILE","XAF"
"LAREGIONALE","LAREGIONALE","CM","LAREGIONALE","XAF"
"MTN","MTN","CM","MTN","XAF"
"UBC","UBC","CM","UBC","XAF"
"CCA","CCA","CM","CCA","XAF"
"ORANGE MONEY","ORANGEMONEY","CM","ORANGEMONEY","XAF"
"ORANGE","ORANGE","CM","ORANGE","XAF"
"MOOV","MOOV","CM","MOOV","XAF"
"TELECOM","TELECOM","CM","TELECOM","XAF"
"BGFI","BGFI","CM","BGFI","XAF"
"BICEC","BICEC","CM","BICEC","XAF"
"CBC","CBC","CM","CBC","XAF"
"YUP","YUP","CM","YUP","XAF"
"EUMOBILE","EUMOBILE","CG","EUMOBILE","XAF"
"LAREGIONALE","LAREGIONALE","CG","LAREGIONALE","XAF"
"MTN","MTN","CG","MTN","XAF"
"UBC","UBC","CG","UBC","XAF"
"CCA","CCA","CG","CCA","XAF"
"ORANGE MONEY","ORANGEMONEY","CG","ORANGEMONEY","XAF"
"ORANGE","ORANGE","CG","ORANGE","XAF"
"MOOV","MOOV","CG","MOOV","XAF"
"TELECOM","TELECOM","CG","TELECOM","XAF"
"BGFI","BGFI","CG","BGFI","XAF"
"BICEC","BICEC","CG","BICEC","XAF"
"CBC","CBC","CG","CBC","XAF"
"YUP","YUP","CG","YUP","XAF"
"EUMOBILE","EUMOBILE","CF","EUMOBILE","XAF"
"LAREGIONALE","LAREGIONALE","CF","LAREGIONALE","XAF"
"MTN","MTN","CF","MTN","XAF"
"UBC","UBC","CF","UBC","XAF"
"CCA","CCA","CF","CCA","XAF"
"ORANGE MONEY","ORANGEMONEY","CF","ORANGEMONEY","XAF"
"ORANGE","ORANGE","CF","ORANGE","XAF"
"MOOV","MOOV","CF","MOOV","XAF"
"TELECOM","TELECOM","CF","TELECOM","XAF"
"BGFI","BGFI","CF","BGFI","XAF"
"BICEC","BICEC","CF","BICEC","XAF"
"CBC","CBC","CF","CBC","XAF"
"YUP","YUP","CF","YUP","XAF"
"EUMOBILE","EUMOBILE","TD","EUMOBILE","XAF"
"LAREGIONALE","LAREGIONALE","TD","LAREGIONALE","XAF"
"MTN","MTN","TD","MTN","XAF"
"UBC","UBC","TD","UBC","XAF"
"CCA","CCA","TD","CCA","XAF"
"ORANGE MONEY","ORANGEMONEY","TD","ORANGEMONEY","XAF"
"ORANGE","ORANGE","TD","ORANGE","XAF"
"MOOV","MOOV","TD","MOOV","XAF"
"TELECOM","TELECOM","TD","TELECOM","XAF"
"BGFI","BGFI","TD","BGFI","XAF"
"BICEC","BICEC","TD","BICEC","XAF"
"CBC","CBC","TD","CBC","XAF"
"YUP","YUP","TD","YUP","XAF"
"EUMOBILE","EUMOBILE","GA","EUMOBILE","XAF"
"LAREGIONALE","LAREGIONALE","GA","LAREGIONALE","XAF"
"MTN","MTN","GA","MTN","XAF"
"UBC","UBC","GA","UBC","XAF"
"CCA","CCA","GA","CCA","XAF"
"ORANGE MONEY","ORANGEMONEY","GA","ORANGEMONEY","XAF"
"ORANGE","ORANGE","GA","ORANGE","XAF"
"MOOV","MOOV","GA","MOOV","XAF"
"TELECOM","TELECOM","GA","TELECOM","XAF"
"BGFI","BGFI","GA","BGFI","XAF"
"BICEC","BICEC","GA","BICEC","XAF"
"CBC","CBC","GA","CBC","XAF"
"YUP","YUP","GA","YUP","XAF"
"EUMOBILE","EUMOBILE","GQ","EUMOBILE","XAF"
"LAREGIONALE","LAREGIONALE","GQ","LAREGIONALE","XAF"
"MTN","MTN","GQ","MTN","XAF"
"UBC","UBC","GQ","UBC","XAF"
"CCA","CCA","GQ","CCA","XAF"
"ORANGE MONEY","ORANGEMONEY","GQ","ORANGEMONEY","XAF"
"ORANGE","ORANGE","GQ","ORANGE","XAF"
"MOOV","MOOV","GQ","MOOV","XAF"
"TELECOM","TELECOM","GQ","TELECOM","XAF"
"BGFI","BGFI","GQ","BGFI","XAF"
"BICEC","BICEC","GQ","BICEC","XAF"
"CBC","CBC","GQ","CBC","XAF"
"YUP","YUP","GQ","YUP","XAF"
"Airtel","AIRTEL","CG","AIRTEL","XAF"
"Airtel","AIRTEL","CF","AIRTEL","XAF"
"Airtel","AIRTEL","TD","AIRTEL","XAF"
"Airtel","AIRTEL","GA","AIRTEL","XAF"
"Airtel","AIRTEL","GQ","AIRTEL","XAF"
"Airtel","AIRTEL","CM","AIRTEL","XAF"
"Mobile Money","FMM","CM","fmm","XAF"
"MyBucks Banking Corporation","200515860C","Malawi","mybucksbanking","MWK"
"ECOCMWMW","20052388CJ","Malawi","ecocmwmw","MWK"
"Standard Bank Limited","20473700","Malawi","standardbanklimited","MWK"
"National Bank of Malawi","20474000","Malawi","nationalbankmalawi","MWK"
"Reserve Bank of Malawi","20474200","Malawi","reservebankmalawi","MWK"
"FDH Bank Limited","25919656","Malawi","fdhbanklimited","MWK"
"CDH Investment Bank (CDHIB)","26698436","Malawi","cdhinvestmentbank","MWK"
"First Merchant Bank","97157104","Malawi","firstmerchantbank","MWK"
"NBS Bank PLC","97517874","Malawi","nbsbankplc","MWK"
"Standard Bank Limited","97517874","Malawi","standardbanklimited","MWK"
"Ecobank Malawi","MW040000","Malawi","ecobankmalawi","MWK"
"Orange Money","ORANGEMONEY","Senegal","orangemoney","XOF"
"Free Money","FREEMONEY","Senegal","freemoney","XOF"
"E Money","EMONEY","Senegal","emoney","XOF"
"THE AKOLA DISTRICT CENTRAL COOPERATIVE BANK","ADCC","India","akolacoop","INR"
"ABHYUDAYA COOPERATIVE BANK LIMITED","ABHY","India","abhyudayacoop","INR"
"STATE BANK OF INDIA","SBIN","India","sbin","INR"
"PatrickGold Microfinance Bank","090317","Nigeria","patrickgold","NGN"
"Abu Dhabi Islamic Bank","ADIB","Egypt","abudhabi","EGP"
"Arab African International Bank","AAIB","Egypt","arabafrican","EGP"
"Arab Banking Corporation","ABC","Egypt","arabbanking","EGP"
"Al Ahli Bank of Kuwait – Egypt","ABK","Egypt","alahlibank","EGP"
"Al Baraka Bank Egypt","ABRK","Egypt","albaraka","EGP"
"Arab Investment Bank","AIB","Egypt","arabinvestment","EGP"
"Arab Bank","ARAB","Egypt","arabbank","EGP"
"Arab International Bank","ARIB","Egypt","arabinternational","EGP"
"Ahly United Bank","AUB","Egypt","ahlyunited","EGP"
"Audi Bank","AUDI","Egypt","audibank","EGP"
"Attijariwafa Bank Egypt","BBE","Egypt","attijariwafa","EGP"
"Banque Du Caire","BDC","Egypt","banqueducaire","EGP"
"Blom Bank Egypt","BLOM","Egypt","blombank","EGP"
"Bank of Alexandria","BOA","Egypt","alexandria","EGP"
"Credit Agricole Egypt","CAE","Egypt","creditagricole","EGP"
"Central Bank of Egypt","CBE","Egypt","centralbankeg","EGP"
"Commercial International Bank","CIB","Egypt","commercint","EGP"
"Citibank","CITI","Egypt","citibank","EGP"
"Egyptian Arab Land Bank","EALB","Egypt","egparab","EGP"
"Export Development Bank of Egypt","EDBE","Egypt","exportdev","EGP"
"Egyptian Gulf Bank","EGB","Egypt","egpgulfbank","EGP"
"Emirates National Bank of Dubai","ENDB","Egypt","emirates","EGP"
"First Abu Dhabi Bank","FAB","Egypt","firstabudhabi","EGP"
"Misr Iran Development Bank","MIDB","Egypt","misriran","EGP"
"Banque Misr","MISR","Egypt","banquemisr","EGP"
"National Bank of Egypt","NBE","Egypt","nationalbegp","EGP"
"National Bank of Greece","NBG","Egypt","nationalbgrc","EGP"
"National Bank of Kuwait","NBK","Egypt","nationalbkuw","EGP"
"Nasser Social Bank","NSB","Egypt","nasser","EGP"
"The Principal Bank for Development and Agri.","PDAC","Egypt","principalbank","EGP"
"Egypt Post","POST","Egypt","egyptpost","EGP"
"Qatar National Bank Alahli","QNB","Egypt","qatarnational","EGP"
"Societe Arabe Internationale De Banque","SAIB","Egypt","societearabe","EGP"
"Suez Canal Bank","SCB","Egypt","suezcanal","EGP"
"The United Bank","UB","Egypt","unitedbank","EGP"
"Union National Bank","UNB","Egypt","unionnational","EGP"
"Faisal Islamic Bank of Egypt","FAIB","Egypt","faisal","EGP"
"Housing And Development Bank","HDB","Egypt","housinganddev","EGP"
"HSBC","HSBC","Egypt","hsbc","EGP"
"Industrial Development Bank of Egypt","IDB","Egypt","industrialdev","EGP"
"Mashreq Bank","MASH","Egypt","mashreq","EGP"
"Taj Bank Limited","000026","Nigeria","taj","NGN"
"Cashconnect Microfinance Bank","090360","Nigeria","cashconnect","NGN"
"WAVE","WAVE","Senegal","wave","XOF"
"FEDETH MICROFINANCE BANK","090482","Nigeria","fedeth","NGN"
"Access","Access","South Africa","access","ZAR"
"Afribank","Afribank","South Africa","afribank","ZAR"
"The Bank of New York Mellon","BNY","South Africa","bny","ZAR"
"Firstrand","Firstrand","South Africa","firstrand","ZAR"
"Grindrod","Grindrod","South Africa","grindrod","ZAR"
"HSBC","HSBC","South Africa","hsbc","ZAR"
"Imperial","Imperial","South Africa","imperial","ZAR"
"Mercantile Bank","Merchantile","South Africa","merchantile","ZAR"
"Sasfin","Sasfin","South Africa","sasfin","ZAR"
"TYME","Tyme","South Africa","tyme","ZAR"
"Ubank","Ubank","South Africa","ubank","ZAR"
"Windhoek Bank","windhoek","South Africa","windhoek","ZAR"
"Fairmoney Microfinance Bank Ltd","090551","Nigeria","fairmoney","NGN"
"VFD Micro Finance Bank","090110","Nigeria","vfd","NGN"
"Moniepoint Microfinance Bank","090405","Nigeria","moniepoint","NGN"
"Carbon","100026","Nigeria","carbon","NGN"
"Citibank Senegal SA","11118516","Senegal","citibank","XOF"
"Tresor Public","11350420","Senegal","tresorpublic","XOF"
"TRESORE PUBLIQUE DU SENEGAL","2004177TNW","Senegal","tresorepublique","XOF"
"Banque Centrale des Etats de l'Afrique de l'Ouest","20548000","Senegal","banquecentraledesetats","XOF"
"Banque de l'Habitat du Senegal","20548200","Senegal","banquedelhabitat","XOF"
"Sunu Bank Senegal","20548300","SN","sunubank","XOF"
"Banque Islamique du Senegal","20548400","Senegal","banqueislamique","XOF"
"CBAO Groupe Attijariwafa Bank","20548600","Senegal","cbaogroupeattijariwafa","XOF"
"Caisse Nationale de Credit Agricole du Senegal (CNCAS)","20548700","Senegal","caissenationaledecreditagricole","XOF"
"Le Credit du Senegal","20549000","Senegal","lecredit","XOF"
"Societe Generale de Banques au Senegal","20549200","Senegal","societegenerale","XOF"
"La Poste","25522982","Senegal","laposte","XOF"
"Caisse Nationale D'Epargne","25553408","Senegal","caisetnationale","XOF"
"Depositaire Central-Banque De Reglement (Dcbr Sene","25556432","Senegal","depositairecentralbanquedereglement","XOF"
"Banque Atlantique Senegal","25562426","Senegal","banqueatlantique","XOF"
"International Commercial Bank Senegal","25570376","Senegal","internationalcommercialbanksenegal","XOF"
"Banque Regionale De Marches","25678444","Senegal","banqueregionaledemarches","XOF"
"United Bank For Africa Senegal","26158952","Senegal","unitedbankforafricasenegal","XOF"
"Diamondbank Senegal","26187602","Senegal","diamondbanksenegal","XOF"
"Sonabanque","26618306","Senegal","sonabanque","XOF"
"Union Senegalaise De Banque Pour Le Commerce Et L'Industrie","26618732","Senegal","unionsenegalaisedebanquepourlecommerceetlindustrie","XOF"
"Banque Nationale Pour Le Developpement Economique Du Senegal (Bnde)","27133146","Senegal","banquenationnellepourledeveloppementeconomique","XOF"
"Banque De Dakar","27319932","Senegal","banquededakar","XOF"
"Bgfibank Senegal","27351976","Senegal","bgfibank","XOF"
"La Banque Outarde SA","27547348","Senegal","labanqueoutarde","XOF"
"Bank of Africa-Senegal","97825764","Senegal","bankofafricasenegal","XOF"
"Banque Sahelo-Saharienne pour l'Investissement et le Commerce Senegal","98116464","Senegal","banquesahariennepourlinvestissementetlecommerce","XOF"
"BANQUE DES INSTITUTIONS MUTUALISTES D'AFRIQUE DE L'OUEST","98252072","Senegal","banquedesinstitutionsmutualistesafriquedelouest","XOF"
"Credit International SA","99985664","Senegal","creditinternational","XOF"
"Ecobank Senegal","SN094000","Senegal","ecobanksenegal","XOF"
"Rockland Trust Bank","011304478","US","rocklandtrustbank","USD"
"HSBC","021001088","US","hsbc","USD"
"Citizens Bank","021313103","US","citizensbank","USD"
"Citibank","031100209","US","citibank","USD"
"PNC Bank","043000096","US","pncbank","USD"
"Bank of America","051000017","US","bankofamerica","USD"
"Sun Trust Bank","061000104","US","suntrustbank","USD"
"First Century Bank","061120084","US","firstcenturybank","USD"
"Regions Bank","062000019","US","regionsbank","USD"
"BB&T","062203984","US","bbt","USD"
"Grand Ridge National Bank","071913278","US","grandridgenationalbank","USD"
"US Bank National Association","081000210","US","usbanknationalassociation","USD"
"Transferwise","084009519","US","transferwise","USD"
"Evolve Bank & Trust","084106768","US","evolvebanktrust","USD"
"Choice Financial Group","091311229","US","choicefinancialgroup","USD"
"Liberty Bank - Irving","111040195","US","libertybankirving","USD"
"Liberty Bank of Maryland","111302846","US","libertybankofmaryland","USD"
"Liberty National Bank","111305115","US","libertynationalbank","USD"
"Lihue Credit Union","111308442","US","lihuecreditunion","USD"
"Lincoln State Bank","111310870","US","lincolnstatebank","USD"
"Loco Credit Union","111322318","US","lococreditunion","USD"
"Wells Fargo Bank","111900659","US","wellsfargobank","USD"
"Lowland Credit Union","111903232","US","lowlandcreditunion","USD"
"Luana Savings Bank","111903517","US","luanasavingsbank","USD"
"M&T Bank - Kemp","111905324","US","mtbankkemp","USD"
"Main Source Bank","111909676","US","mainsourcebank","USD"
"Mainsource Bank","111910445","US","mainsourcebank","USD"
"Marquette Bank","111920765","US","marquettebank","USD"
"Marvel City FCU","111924606","US","marvelcityfcu","USD"
"Farmers State Bank","112207416","US","farmersstatebank","USD"
"Telcom Credit Union","113103726","US","telcomcreditunion","USD"
"Members Credit Union","113108802","US","memberscreditunion","USD"
"Members United Credit Union","113114294","US","membersunitedcreditunion","USD"
"Merchant and Farmers Bank","113123528","US","merchantandfarmersbank","USD"
"Metro Credit Union","114912686","US","metrocreditunion","USD"
"Sovereign Bank - Hercules","121038773","US","sovereignbankhercules","USD"
"WellsFargo","121042882","US","wellsfargo","USD"
"Brex treasury LLC","121145349","US","brextreasuryllc","USD"
"St Landry Homestead Bank","122042153","US","stlandryhomesteadbank","USD"
"St Louis Bank","122043107","US","stlouisbank","USD"
"Chase Bank","122100024","US","chasebank","USD"
"Tempo Bank - Birmingham","122105744","US","tempobankbirmingham","USD"
"Standard Bank - Beverly Hills","122236244","US","standardbankbeverlyhills","USD"
"Star Financial Bank","122237858","US","starfinancialbank","USD"
"State Bank and Trust","122239869","US","statebankandtrust","USD"
"State Bank of Northwest","122242377","US","statebankofnorthwest","USD"
"State Bank of Bement","122242652","US","statebankofbement","USD"
"State Bank of Cross Plains","122287183","US","statebankofcrossplains","USD"
"State College FCU","122287549","US","statecollegefcu","USD"
"Ally Bank","124003116","US","allybank","USD"
"The Bank of Glen Burnie","125200044","US","thebankofglenburnie","USD"
"Wells Fargo Bank","125200057","US","wellsfargobank","USD"
"The Bank of Henderson","125200921","US","thebankofhenderson","USD"
"The Bank of Houston","125200950","US","thebankofhouston","USD"
"Federal Employees Credit Union","21373059","US","federalemployeescreditunion","USD"
"Federal Home Loan Bank","21410080","US","federalhomeloanbank","USD"
"Federated Bank","21983258","US","federatedbank","USD"
"Fedstar Credit Union","22083665","US","fedstarcreditunion","USD"
"First Area Credit Union","221370108","US","firstareacreditunion","USD"
"First Arkansas Bank","221370399","US","firstarkansasbank","USD"
"First Bank - Auburn","221371194","US","firstbankauburn","USD"
"First Bank of Berne","221379808","US","firstbankofberne","USD"
"First Century Bank","221478877","US","firstcenturybank","USD"
"First Citrus Bank","222080125","US","firstcitrusbank","USD"
"First City Bank","222080138","US","firstcitybank","USD"
"First Community Bank","222380702","US","firstcommunitybank","USD"
"First Eagle Bank","226071389","US","firsteaglebank","USD"
"First Exchange Bank","226073895","US","firstexchangebank","USD"
"First Farmers National Bank","226075385","US","firstfarmersnationalbank","USD"
"Fifth Third Bank - Astoria","26003272","US","fifththirdbankastoria","USD"
"Tennessee Valley FCU","262000932","US","tennesseevalleyfcu","USD"
"167th TFR Federal CU","262086477","US","167thtfrfederalcu","USD"
"Texas Heritage Bank - Montgomery","262276575","US","texasheritagebankmontgomery","USD"
"Texas National Bank Opelika","262276698","US","texasnationalbankopelika","USD"
"Texico State Bank","262283908","US","texicostatebank","USD"
"The Arlington Bank","262285951","US","thearlingtonbank","USD"
"Bankcorp","262286109","US","bankcorp","USD"
"The Bank - Anniston","262286455","US","thebankanniston","USD"
"The Bank at Broadmoor","262287425","US","thebankatbroadmoor","USD"
"Reed Credit Union","263177547","US","reedcreditunion","USD"
"Regal Bank","263177686","US","regalbank","USD"
"Regal Bank and Trust","263177712","US","regalbankandtrust","USD"
"Regent Bank","263177754","US","regentbank","USD"
"Reliance Bank","263182794","US","reliancebank","USD"
"Remington FCU","263184488","US","remingtonfcu","USD"
"The Bank of Carbondale","265175961","US","thebankofcarbondale","USD"
"The Bank of Commerce","265176038","US","thebankofcommerce","USD"
"The Bank of Fairfield","265186594","US","thebankoffairfield","USD"
"Midland National Bank Newton","311080573","US","midlandnationalbanknewton","USD"
"Midstate Community Bank","311376782","US","midstatecommunitybank","USD"
"Mountain View Bank of Commerce","313177468","US","mountainviewbankofcommerce","USD"
"Municipal Credit Union","313186938","US","municipalcreditunion","USD"
"USAA","314074269","US","usaa","USD"
"Financial Trust FCU","31902407","US","financialtrustfcu","USD"
"Susquehanna Bank","321175261","US","susquehannabank","USD"
"Summit Community Bank","321175627","US","summitcommunitybank","USD"
"Sunrise Bank of Arizona Inglewoo","321181491","US","sunrisebankofarizonainglewoo","USD"
"The Bank of Jackson","321379850","US","thebankofjackson","USD"
"Suntrust Bank Atlanta Los Alamit","322078341","US","suntrustbankatlantalosalamit","USD"
"Sunwest Bank","322079557","US","sunwestbank","USD"
"The Bank of Floyd","322270408","US","thebankoffloyd","USD"
"Surety Bank","322273476","US","suretybank","USD"
"Syringa Bank","322273722","US","syringabank","USD"
"State Savings Bank - Berea","322275490","US","statesavingsbankberea","USD"
"Sandia Lab FCU","322283084","US","sandialabfcu","USD"
"The Bank of Kremlin","325272034","US","thebankofkremlin","USD"
"The bank of Missouri","325272199","US","thebankofmissouri","USD"
"The Bank of New Kenaan","325272270","US","thebankofnewkenaan","USD"
"The Bank of New York Mellon","325272335","US","thebankofnewyorkmellon","USD"
"Tiffin St Joseph F","62103453","US","tiffinstjosephf","USD"
"Tilden Bank","62103592","US","tildenbank","USD"
"Timberland Bank","62103864","US","timberlandbank","USD"
"Timberwood Bank","62104274","US","timberwoodbank","USD"
"Times Federal Credit Union","62104520","US","timesfederalcreditunion","USD"
"Sussex Bank","62200929","US","sussexbank","USD"
"Sussex County FCU","62200961","US","sussexcountyfcu","USD"
"Sutter Community Bank","62201106","US","suttercommunitybank","USD"
"Sutton Bank","62201135","US","suttonbank","USD"
"Suwanne River Federal CU","62201229","US","suwanneriverfederalcu","USD"
"Swedish American FCU","62201397","US","swedishamericanfcu","USD"
"Swedish American StateBank","62201449","US","swedishamericanstatebank","USD"
"Sweet Water State Bank","62201601","US","sweetwaterstatebank","USD"
"Sycamore Federal CU","62202008","US","sycamorefederalcu","USD"
"Symphony Federal CU","62202134","US","symphonyfederalcu","USD"
"Synergy Bank SSB","62202150","US","synergybankssb","USD"
"Synovus Bank","62202532","US","synovusbank","USD"
"Academic Federal CU","62202736","US","academicfederalcu","USD"
"Tappan Credit Union","62202765","US","tappancreditunion","USD"
"Tarboro Savings Banks","62202804","US","tarborosavingsbanks","USD"
"Taylor County Bank","62203049","US","taylorcountybank","USD"
"Taylorsville Savings","62203227","US","taylorsvillesavings","USD"
"TCF National Bank","62203395","US","tcfnationalbank","USD"
"TCF National Bank Illinois","62203641","US","tcfnationalbankillinois","USD"
"TCWH 585 Federal CU","62204006","US","tcwh585federalcu","USD"
"TD Bank - Attalla","62204019","US","tdbankattalla","USD"
"1199 Seiu Federal CU","62205908","US","1199seiufederalcu","USD"
"TD Bank","62206101","US","tdbank","USD"
"Premier Bank - Mount Dora","63103407","US","premierbankmountdora","USD"
"Premier West Bank","63112825","US","premierwestbank","USD"
"Prescott State Bank","63113167","US","prescottstatebank","USD"
"Preston National Bank","63113879","US","prestonnationalbank","USD"
"Prime South Bank","63114629","US","primesouthbank","USD"
"Proficio Bank","63115806","US","proficiobank","USD"
"Progressive FCU","63116177","US","progressivefcu","USD"
"Prosperity Bank","63116481","US","prosperitybank","USD"
"Teachers Credit Union","64103079","US","teacherscreditunion","USD"
"Team Financial FCU","65104611","US","teamfinancialfcu","USD"
"Teamsters Credit Union","65301155","US","teamsterscreditunion","USD"
"121 Financial Credit Union","65403626","US","121financialcreditunion","USD"
"Provident Bank","66015576","US","providentbank","USD"
"Teaneck Federal CU","67008414","US","teaneckfederalcu","USD"
"Tech Credit Union","67010583","US","techcreditunion","USD"
"Putnam County Bank","67014521","US","putnamcountybank","USD"
"Quantum National Bank","67015601","US","quantumnationalbank","USD"
"Raccoon Valley Bank","67092679","US","raccoonvalleybank","USD"
"JPMorgan Chase","CHASUS33XXX","US","jpmorganchase","USD"
"Column NA-Brex","CLNOUS66BRX","US","columnnabrex","USD"
"COMMUNITY FEDERAL SAVINGS BANK","CMFGUS33","US","communityfederalsavingsbank","USD"
"Jefferson Bank","JSBAUS41","US","jeffersonbank","USD"
"Metropolitan Commercial Bank","MCBEUS33","US","metropolitancommercialbank","USD"
"Royal Bank of Canada","ROYCCAT2","US","royalbankofcanada","USD"
"Silicon Valley Bank","SVBKUS6SXXX","US","siliconvalleybank","USD"
"TD Canada Trust","TDOMCATTXXX","US","tdcanadatrust","USD"
"First Bank PLC","011","Nigeria","fbn","USD"
"Union Bank PLC","032","Nigeria","unionbank","USD"
"United Bank for Africa","033","Nigeria","uba","USD"
"Wema Bank PLC","035","Nigeria","wema","USD"
"Access Bank","044","Nigeria","access","USD"
"EcoBank PLC","050","Nigeria","ecobank","USD"
"Zenith Bank PLC","057","Nigeria","zenith","USD"
"Fidelity Bank","070","Nigeria","fidelity","USD"
"Polaris Bank","076","Nigeria","polaris","USD"
"Providus Bank PLC","101","Nigeria","providus","USD"
"First City Monument Bank","214","Nigeria","fcmb","USD"
"MADOBI MFB","090605","Nigeria","madobimfb","NGN"
"FOCUS MFB","090709","Nigeria","focusmfb","NGN"
"UCEE MFB","090706","Nigeria","uceemfb","NGN"
"ISUA MFB","090701","Nigeria","isuamfb","NGN"
"TransPay MFB","090708","Nigeria","transpaymfb","NGN"
"REX Microfinance Bank","090449","Nigeria","rexmfb","NGN"
"Branch International Finance Company Limited","050006","Nigeria","branchint","NGN"
"Prospa Capital Microfinance Bank","090495","Nigeria","prospacapmfb","NGN"
"ECOBANK CAMEROUN","CM029000","CM","ecobankcameroun","XAF"
"BANQUE INTERNATIONALE DU CAMEROUN POUR L'EPARGNE ET LE CREDIT","CM10001","CM","banqueinternationaleducamerounpourl'epargneetlecredit","XAF"
"STANDARD CHARTERED BANK","CM10004","CM","standardcharteredbank","XAF"
"AFRILAND FIRST BANK","CM10005","CM","afrilandfirstbank","XAF"
"CITIBANK","CM10007","CM","citibank","XAF"
"COMMERCIAL BANK CAMEROUN","CM10008","CM","commercialbankcameroun","XAF"
"CREDIT FONCIER DU CAMEROUN","CM10019","CM","creditfoncierducameroun","XAF"
"UNION BANK CAMEROUN","CM10023","CM","unionbankcameroun","XAF"
"NATIONAL FINANCIAL CREDIT BANK","CM10025","CM","nationalfinancialcreditbank","XAF"
"UNITED BANK OF AFRICA","CM10033","CM","unitedbankofafrica","XAF"
"BANQUE ATLANTIQUE DU CAMEROUN","CM10034","CM","banqueatlantiqueducameroun","XAF"
"BGFI BANK CAMEROUN","CM10035","CM","bgfibankcameroun","XAF"
"BANQUE DES PME","CM10036","CM","banquedespme","XAF"
"TRESOR PUBLIC CAMEROUN","11111666","","trespub","XAF"
"BANK OF CREDIT AND COMMERCE CAMEROON S.A.","11119240","","banofcre","XAF"
"BANQUE CAMEROUNAISE DES PETITES ET MOYENNES ENTREPRISES","11254194","","bamcamdes","XAF"
"CAMEROON POSTAL SERVICES","11272818","","campost","XAF"
"CM","1812142W6Z","","cm","XAF"
"ECOCCIAB","1904043RTW","","ecocc","XAF"
"CMMTN","1911206N84","","cmmtn","XAF"
"CMORANGE","1911206N86","","cmorange","XAF"
"STANDARD CHARTERED BANK CAMEROON S.A.","20072700","","stachaba","XAF"
"BANQUE DES ETATS DE L'AFRIQUE CENTRALE (BEAC)","20072800","","bandes","XAF"
"BANQUE INTERNATIONALE DU CAMEROUN POUR L'EPARGNE ET LE CREDIT","20072900","","banint","XAF"
"CREDIT FONCIER DU CAMEROUN","20073100","","creditfon","XAF"
"SOCIETE COMMERCIALE DE BANQUE CAMEROUN S.A.","20073200","","soccom","XAF"
"SOCIETE GENERALE DE BANQUES AU CAMEROUN","20073300","","socgen","XAF"
"KARAMOUZI SBANK TRUST LTD","25557598","","kara","XAF"
"CREDIT COMMUNAUTAIRE D'AFRIQUE C.C.A.","25570620","","credit","XAF"
"NATIONAL FINANCIAL CREDIT BANK","25706498","","nationalfinancial","XAF"
"BANQUE ATLANTIQUE CAMEROUN","26146684","","","XAF"
"BGFIBANK CAMEROUN SA","26621388","","bgf","XAF"
"BRITISH AMERICAN TOBACCO CAMEROUN S.A","27199334","","britistamerica","XAF"
"COMMERCIAL BANK OF CAMEROON","96913170","","commercialbank","XAF"
"UNION BANK OF CAMEROON LTD","97276952","","unionbank","XAF"
"UNITED BANK FOR AFRICA PLC CAMEROON","99593458","","unitedbank","XAF"
"LEVITE MFB","90731","Nigeria","levitemfb","NGN"
"NOVUS MFB","90734","Nigeria","novusmfb","NGN"
"NAF MFB","90740","Nigeria","nafmfb","NGN"
"IBBU MFB","90697","Nigeria","ibbumfb","NGN"
"DW MFB","90721","Nigeria","dwmfb","NGN"
"LEVITE MFB","090731","Nigeria","levitemfb","NGN"
"NOVUS MFB","090734","Nigeria","novusmfb","NGN"
"NAF MFB","090740","Nigeria","nafmfb","NGN"
"IBBU MFB","090697","Nigeria","ibbumfb","NGN"
"DW MFB","090721","Nigeria","dwmfb","NGN"
"OGBERURU MFB","090738","Nigeria","ogberurumfb","NGN"
"WESTON-CHARIS MFB","090741","Nigeria","westoncharismfb","NGN"
"NOMASE MFB","090736","Nigeria","nomasemfb","NGN"
"MAESTRO MFB","090746","Nigeria","maestromfb","NGN"
"DIGITVANT MFB","090741","Nigeria","digitvantmfb","NGN"
"DW MFB","90721","NG","dwmfb","NGN"
"OGBERURU MFB","90738","NG","ogberurumfb","NGN"
"WESTON-CHARIS MFB","90741","NG","westoncharis","NGN"
"NOMASE MFB","90736","NG","nomase","NGN"
"MAESTRO MFB","90746","NG","maestromfb","NGN"
"DIGITVANT MFB","90741","NG","digitalmfb","NGN"
"OGIGE MFB","90739","NG","ogigemfb","NGN"
"Noun MFB","090822","NG","NounMFB","NGN"
"ZEFA MFB","90747","NG","zefamfb","NGN"
"BOSAK MFB","90176","NG","bosakmfb","NGN"
"City Bank","023","NG","citybank","NGN"
"KOLOMONI MFB","90480","NG","Kolomonimicrofinancebank","NGN"
"FUD MFB","90318","NG","fudmfb","NGN"
"Refuge Mortgage Bank","070011","NG","refugemortgage","NGN"
"Citi Bank","023","NG","citi","NGN"
"Titan Trust Bank","000025","NG","titantrust","NGN"
"Central Bank Of Nigeria","000028","NG","centralbank","NGN"
"Central Bank Of Nigeria","000028","NG","centralbank","NGN"
"Parallex Bank","000030","NG","parallex","NGN"
"PremiumTrust Bank","000031","NG","premiumtrustbank","NGN"
"Optimus Bank","000036","NG","optimus","NGN"
"ALTERNATIVE BANK LIMITED","000037","NG","alternativebank","NGN"
"County Finance Ltd","050001","NG","countyfinance","NGN"
"Fewchore Finance Company Limited","050002","NG","fewchorefinance","NGN"
"Sagegrey Finance Limited","050003","NG","sagegreyfinance","NGN"
"Newedge Finance Ltd","050004","NG","newedgefinance","NGN"
"Aaa Finance","050005","NG","aaafinance","NGN"
"Branch International Finance Company Limited","050006","NG","branchinternational","NGN"
"SIGNATURE BANK","000034","NG","siganture","NGN"
"ENaira","000033","NG","enaira","NGN"
"Tekla Finance Ltd","050007","NG","teklafinance","NGN"
"SIMPLE FINANCE LIMITED","050008","NG","simplefinance","NGN"
"FAST CREDIT","050009","NG","fastcredit","NGN"
"FUNDQUEST FINANCIAL SERVICES LTD","050010","NG","fundquest","NGN"
"NIP Virtual Bank","999999","NG","nipvirtual","NGN"
"FSDH Merchant Bank","400001","NG","fsdhmerchant","NGN"
"ChamsMobile","303","NG","chamsmobile","NGN"
"CBN_TSA","999001","NG","cbn-tsa","NGN"
"Money Master Psb","120005","NG","moneymaster","NGN"
"Smartcash Payment Service Bank","120004","NG","smartcash","NGN"
"Momo Psb","120003","NG","momopsb","NGN"
"Hopepsb","120002","NG","hopepsb","NGN"
"9 Payment Service Bank","120001","NG","9paymentservice","NGN"
"CREDIT DIRECT LIMITED","110049","NG","creditdirect","NGN"
"Leadremit Limited","110044","NG","leadremit","NGN"
"Woven Finance","110029","NG","wovenfinance","NGN"
"Nomba Financial Services Limited","110028","NG","nombafinancial","NGN"
"Yello Digital Financial Services","110027","NG","yellodigital","NGN"
"Spay Business","110026","NG","spaybusiness","NGN"
"Netapps Technology Limited","110025","NG","netapps","NGN"
"Resident Fintech Limited","110024","NG","residentfintech","NGN"
"Capricorn Digital","110023","NG","capricondigital","NGN"
"Koraypay","110022","NG","korapay","NGN"
"Bud Infrastructure Limited","110021","NG","budinfrastructure","NGN"
"Microsystems Investment And Development Limited","110018","NG","microsysinvestment","NGN"
"Crowdforce","110017","NG","crowdforce","NGN"
"Vas2Nets Limited","000033","NG","vas2nets","NGN"
"Qr Payments","110013","NG","qrpayments","NGN"
"Cellulant Pssp","110012","NG","cellulantpssp","NGN"
"Arca Payments","110011","NG","arcapayments","NGN"
"Interswitch Financial Inclusion Services (Ifis)","110010","NG","interswitch","NGN"
"Venture Garden Nigeria Limited","110009","NG","venturegarden","NGN"
"Kadick Integration Limited","110008","NG","kadickint","NGN"
"TeamApt","110007","NG","teamApt","NGN"
"Paystack Payments Limited","110006","NG","paystack","NGN"
"3Line Card Management Limited","110005","NG","3linecard","NGN"
"First Apple Limited","110004","NG","firstapple","NGN"
"Interswitch Limited","110003","NG","interswitch","NGN"
"Flutterwave Technology Solutions Limited","110002","NG","flutterwavetech","NGN"
"PayAttitude Online","110001","NG","payattitude","NGN"
"Beta-Access Yello","100052","NG","betaccess","NGN"
"PAYSTACK-TITAN","100039","NG","paystacktitan","NGN"
"Kegow(Chamsmobile)","100036","NG","kegow","NGN"
"M36","100035","NG","m36","NGN"
"ZENITH EAZY WALLET","100034","NG","eazywalllet","NGN"
"NOWNOW DIGITAL SYSTEMS","100032","NG","contecglobal","NGN"
"FCMB Easy Account","100031","NG","fcmbeasy","NGN"
"EcoMobile","000030","NG","ecomobile","NGN"
"Innovectives Kesh","100029","NG","innovectives","NGN"
"AG Mortgage Bank","100028","NG","agmortgage","NGN"
"Intellifin","100027","NG","intellifin","NGN"
"Zinternet Nigera Limited","100025","NG","zinternet","NGN"
"Imperial Homes Mortgage Bank","100024","NG","imperial","NGN"
"TagPay","100023","NG","tagpay","NGN"
"Eartholeum","100021","NG","eartholeum","NGN"
"GoMoney","100022","NG","gopay","NGN"
"Imowo Microfinance Bank","090417","NG","imowo","NGN"
"Highland Microfinance Bank","090418","NG","highland","NGN"
"Winview Bank","090419","NG","winview","NGN"
"Letshego MFB","090420","NG","letshego","NGN"
"Izon Microfinance Bank","090421","NG","izon","NGN"
"Landgold  Microfinance Bank","090422","NG","landgold","NGN"
"MAUTECH Microfinance Bank","090423","NG","mautech","NGN"
"Abucoop  Microfinance Bank","090424","NG","abucoop","NGN"
"Banex Microfinance Bank","090425","NG","banex","NGN"
"Tangerine Bank","090426","NG","tangerinebank","NGN"
"Ebsu Microfinance Bank","090427","NG","ebsu","NGN"
"Ishie  Microfinance Bank","090428","NG","ishie","NGN"
"Crossriver  Microfinance Bank","090429","NG","crossriver","NGN"
"Ilora Microfinance Bank","090430","NG","ilora","NGN"
"Bluewhales  Microfinance Bank","090431","NG","bluewhales","NGN"
"Memphis Microfinance Bank","090432","NG","memphis","NGN"
"Rigo Microfinance Bank","090433","NG","rigo","NGN"
"Insight Microfinance Bank","090434","NG","insight","NGN"
"Links Microfinance Bank","090435","NG","links","NGN"
"Spectrum Microfinance Bank","090436","NG","spectrum","NGN"
"Oakland Microfinance Bank","090437","NG","oakland","NGN"
"Futminna Microfinance Bank","090438","NG","futminna","NGN"
"Ibeto  Microfinance Bank","090439","NG","ibeto","NGN"
"Cherish Microfinance Bank","090440","NG","cherish","NGN"
"Giwa Microfinance Bank","090441","NG","giwa","NGN"
"Rima Microfinance Bank","090443","NG","rima","NGN"
"Boi Mf Bank","090444","NG","boi","NGN"
"Capstone Mf Bank","090445","NG","capstone","NGN"
"Support Mf Bank","090446","NG","support","NGN"
"Moyofade Mf Bank","090448","NG","moyofade","NGN"
"REX MICROFINANCE BANK","090449","NG","rex","NGN"
"Kwasu Mf Bank","090450","NG","kwasu","NGN"
"Atbu  Microfinance Bank","090451","NG","atbu","NGN"
"Unilag  Microfinance Bank","090452","NG","unilag","NGN"
"Uzondu Mf Bank","090453","NG","uzondu","NGN"
"Borstal Microfinance Bank","090454","NG","borstal","NGN"
"MKOBO MICROFINANCE BANK LTD","090455","NG","mkobo","NGN"
"Ospoly Microfinance Bank","090456","NG","ospoly","NGN"
"Nice Microfinance Bank","090459","NG","nice","NGN"
"Oluyole Microfinance Bank","090460","NG","oluyole","NGN"
"Uniibadan Microfinance Bank","090461","NG","uniibadan","NGN"
"Monarch Microfinance Bank","090462","NG","monarch","NGN"
"Rehoboth Microfinance Bank","090463","NG","rehoboth","NGN"
"Unimaid Microfinance Bank","090464","NG","unimaid","NGN"
"Maintrust Microfinance Bank","090465","NG","maintrust","NGN"
"Yct Microfinance Bank","090466","NG","yct","NGN"
"Good Neighbours Microfinance Bank","090467","NG","good_neighbours","NGN"
"Olofin Owena Microfinance Bank","090468","NG","olofin_owena","NGN"
"Aniocha Microfinance Bank","090469","NG","aniocha","NGN"
"DOT MICROFINANCE BANK","090470","NG","dot","NGN"
"Oluchukwu Microfinance Bank","090471","NG","oluchukwu","NGN"
"Caretaker Microfinance Bank","090472","NG","caretaker","NGN"
"Assets Microfinance Bank","090473","NG","assets","NGN"
"Verdant Microfinance Bank","090474","NG","verdant","NGN"
"Giant Stride Microfinance Bank","090475","NG","giant_stride","NGN"
"Anchorage Microfinance Bank","090476","NG","anchorage","NGN"
"Light Microfinance Bank","090477","NG","light","NGN"
"Avuenegbe Microfinance Bank","090478","NG","avuenegbe","NGN"
"First Heritage Microfinance Bank","090479","NG","first_heritage","NGN"
"KOLOMONI MICROFINANCE BANK","090480","NG","kolomoni","NGN"
"Prisco  Microfinance Bank","090481","NG","prisco","NGN"
"CLEARPAY MICROFINANCE BANK","090482","NG","clearpay","NGN"
"Ada Microfinance Bank","090483","NG","ada","NGN"
"Garki Microfinance Bank","090484","NG","garki","NGN"
"Safegate Microfinance Bank","090485","NG","safegate","NGN"
"Fortress Microfinance Bank","090486","NG","fortress","NGN"
"Kingdom College  Microfinance Bank","090487","NG","kingdomcollege","NGN"
"Ibu-Aje Microfinance","090488","NG","ibu_aje","NGN"
"Alvana Microfinance Bank","090489","NG","alvana","NGN"
"Chukwunenye  Microfinance Bank","090490","NG","chukwunenye","NGN"
"Nsuk  Microfinance Bank","090491","NG","nsuk","NGN"
"Oraukwu  Microfinance Bank","090492","NG","oraukwu","NGN"
"Iperu Microfinance Bank","090493","NG","iperu","NGN"
"Boji Boji Microfinance Bank","090494","NG","boji_boji","NGN"
"Prospa Capital Microfinance Bank","090495","NG","prospa_capital","NGN"
"Radalpha Microfinance Bank","090496","NG","radalpha","NGN"
"Palmcoast Microfinance Bank","090497","NG","palmcoast","NGN"
"Catland Microfinance Bank","090498","NG","catland","NGN"
"Pristine Divitis Microfinance Bank","090499","NG","pristine_divitis","NGN"
"Gwong Microfinance Bank","090500","NG","gwong","NGN"
"Boromu Microfinance Bank","090501","NG","boromu","NGN"
"Shalom Microfinance Bank","090502","NG","shalom","NGN"
"Projects Microfinance Bank","090503","NG","projects","NGN"
"Zikora Microfinance Bank","090504","NG","zikora","NGN"
"Nigeria Prisonsmicrofinance Bank","090505","NG","nigeriaprisonsmicrofinance","NGN"
"Solid Allianze Microfinance Bank","090506","NG","solid_allianze","NGN"
"Fims Microfinance Bank","090507","NG","fims","NGN"
"Borno Renaissance Microfinance Bank","090508","NG","borno_renaissance","NGN"
"Capitalmetriq Swift Microfinance Bank","090509","NG","capitalmetriq_swift","NGN"
"Umunnachi Microfinance Bank","090510","NG","umunnachi","NGN"
"Cloverleaf  Microfinance Bank","090511","NG","cloverleaf","NGN"
"Bubayero Microfinance Bank","090512","NG","bubayero","NGN"
"Seap Microfinance Bank","090513","NG","seap","NGN"
"Umuchinemere Procredit Microfinance Bank","090514","NG","umuchinemere","NGN"
"Rima Growth Pathway Microfinance Bank ","090515","NG","rimagrowth","NGN"
"Numo Microfinance Bank","090516","NG","numo","NGN"
"Uhuru Microfinance Bank","090517","NG","uhuru","NGN"
"Afemai Microfinance Bank","090518","NG","afemai","NGN"
"Ibom Fadama Microfinance Bank","090519","NG","ibom_fadama","NGN"
"Ic Globalmicrofinance Bank","090520","NG","ic_global","NGN"
"Foresight Microfinance Bank","090521","NG","foresight","NGN"
"Chase Microfinance Bank","090523","NG","chase","NGN"
"Solidrock Microfinance Bank","090524","NG","solidrock","NGN"
"Triple A Microfinance Bank","090525","NG","triple_a","NGN"
"Crescent Microfinance Bank","090526","NG","crescent","NGN"
"Ojokoro Microfinance Bank","090527","NG","ojokoro","NGN"
"Mgbidi Microfinance Bank","090528","NG","mgbidi","NGN"
"Bankly Microfinance Bank","090529","NG","bankly","NGN"
"Confidence Microfinance Bank Ltd","090530","NG","confidence","NGN"
"Aku Microfinance Bank","090531","NG","aku","NGN"
"Ibolo Micorfinance Bank Ltd","090532","NG","ibolomicorfinance","NGN"
"Polyibadan Microfinance Bank","090534","NG","polyibadan","NGN"
"Nkpolu-Ust Microfinance","090535","NG","nkpolu_ust","NGN"
"Ikoyi-Osun Microfinance Bank","090536","NG","ikoyi_osun","NGN"
"Lobrem Microfinance Bank","090537","NG","lobrem","NGN"
"Blue Investments Microfinance Bank","090538","NG","blue_investments","NGN"
"Enrich Microfinance Bank","090539","NG","enrich","NGN"
"Aztec Microfinance Bank","090540","NG","aztec","NGN"
"Excellent Microfinance Bank","090541","NG","excellent","NGN"
"Otuo Microfinance Bank Ltd","090542","NG","otuomfb","NGN"
"Iwoama Microfinance Bank","090543","NG","iwoama","NGN"
"Aspire Microfinance Bank Ltd","090544","NG","aspire","NGN"
"Abulesoro Microfinance Bank Ltd","090545","NG","abulesoro","NGN"
"Ijebu-Ife Microfinance Bank Ltd","090546","NG","ijebu_ife","NGN"
"Rockshield Microfinance Bank","090547","NG","rockshield","NGN"
"Ally Microfinance Bank","090548","NG","ally","NGN"
"Kc Microfinance Bank","090549","NG","kc","NGN"
"Green Energy Microfinance Bank Ltd","090550","NG","green_energy","NGN"
"Fairmoney Microfinance Bank Ltd","090551","NG","fairmoney","NGN"
"Ekimogun Microfinance Bank","090552","NG","ekimogun","NGN"
"Consistent Trust Microfinance Bank Ltd","090553","NG","consistent_trust","NGN"
"Kayvee Microfinance Bank","090554","NG","kayvee","NGN"
"Bishopgate Microfinance Bank","090555","NG","bishopgate","NGN"
"Egwafin Microfinance Bank Ltd","090556","NG","egwafin","NGN"
"Lifegate Microfinance Bank Ltd","090557","NG","lifegate","NGN"
"Shongom Microfinance Bank Ltd","090558","NG","shongom","NGN"
"Shield Microfinance Bank Ltd","090559","NG","shield","NGN"
"TANADI MFB (CRUST)","090560","NG","tanadi_crust","NGN"
"Akuchukwu Microfinance Bank Ltd","090561","NG","akuchukwu","NGN"
"Cedar Microfinance Bank Ltd","090562","NG","cedar","NGN"
"Balera Microfinance Bank Ltd","090563","NG","balera","NGN"
"Supreme Microfinance Bank Ltd","090564","NG","supreme","NGN"
"Oke-Aro Oredegbe Microfinance Bank Ltd","090565","NG","oke_aro","NGN"
"Okuku Microfinance Bank Ltd","090566","NG","okuku","NGN"
"Flutterwave MFB (Formerly OK MFB)","090567","NG","flutterwavemfb","NGN"
"Broadview Microfinance Bank Ltd","090568","NG","broadview","NGN"
"Qube Microfinance Bank Ltd","090569","NG","qube","NGN"
"Iyamoye Microfinance Bank Ltd","090570","NG","iyamoye","NGN"
"Ilaro Poly Microfinance Bank Ltd","090571","NG","ilaro_poly","NGN"
"Ewt Microfinance Bank","090572","NG","ewt","NGN"
"Snow Microfinance Bank","090573","NG","snow","NGN"
"GOLDMAN MICROFINANCE BANK","090574","NG","goldman","NGN"
"Firstmidas Microfinance Bank Ltd","090575","NG","firstmidas","NGN"
"Octopus Microfinance Bank Ltd","090576","NG","octopus","NGN"
"Iwade Microfinance Bank Ltd","090578","NG","iwade","NGN"
"Gbede Microfinance Bank","090579","NG","gbede","NGN"
"Otech Microfinance Bank Ltd","090580","NG","otech","NGN"
"BANC CORP MICROFINANCE BANK","090581","NG","banc_corp","NGN"
"STATESIDE MFB","090583","NG","stateside","NGN"
"ISLAND MICROFINANCE BANK ","090584","NG","islandmicrofinance","NGN"
"GOMBE MICROFINANCE BANK LTD","090586","NG","gombe","NGN"
"Microbiz Microfinance Bank","090587","NG","microbiz","NGN"
"Orisun MFB","090588","NG","orisun","NGN"
"Mercury MFB","090589","NG","mercury","NGN"
"WAYA MICROFINANCE BANK LTD","090590","NG","waya","NGN"
"Gabsyn Microfinance Bank","090591","NG","gabsyn","NGN"
"KANO POLY MFB","090592","NG","kano_poly","NGN"
"TASUED MICROFINANCE BANK LTD","090593","NG","tasued","NGN"
"IBA MFB ","090598","NG","ibamfb","NGN"
"Greenacres MFB","090599","NG","greenacres","NGN"
"AVE MARIA MICROFINANCE BANK LTD","090600","NG","avemaria","NGN"
"KENECHUKWU MICROFINANCE BANK","090602","NG","kenechukwu","NGN"
"Beta-Access Yello","100052","NG","betaaccess","NGN"
"Nombank MFB","090645","NG","nombank","NGN"
"OKO MFB","90348","NG","okomfb","NGN"
"OBELEDU MFB","90755","NG","obeledumfb","NGN"
"CENTRUM FINANCE","50032","NG","cenfinance","NGN"
"UBJ MFB","90762","NG","ubjmfb","NGN"
"OKWO-OHA MFB","90752","NG","okwoohamfb","NGN"
"UVUOMA MFB","90765","NG","uvuoma","NGN"
"MAAL MFB","90764","NG","maalmfb","NGN"
"SWIFT TRUST MFB","90757","NG","swifttrust","NGN"
"HILLPOST MFB","90761","NG","hillpost","NGN"
"ADVANCLY MFB","90759","NG","advanclymfb","NGN"
"RETRUST MFB","90766","NG","retrustmfb","NGN"
"BLOOM MFB","90743","NG","bloommfb","NGN"
"AMPLE MFB","90770","NG","amplemfb","NGN"
"Kenya Commercial Bank Limited","01","KE","kenyacommercial","KES"
"Standard Chartered Bank Limited","02","KE","standardchartered","KES"
"Absa Bank Kenya Plc","03","KE","absabank","KES"
"NCBA Bank Kenya PLC","07","KE","ncbabank","KES"
"Prime Bank Limited","10","KE","primebank","KES"
"Co-operative Bank of Kenya Limited","11","KE","co-operativebank","KES"
"National Bank of Kenya Limited","12","KE","nationalbank","KES"
"M-Oriental Commercial Bank","14","KE","m-orientalcommercial","KES"
"Citibank N.A.","16","KE","citibankn.a.","KES"
"Middle East Bank Kenya Limited","18","KE","middleeast","KES"
"Bank of  Africa Kenya Limited","19","KE","bankof","KES"
"Dubai Bank Kenya Limited","20","KE","dubaibank","KES"
"Consolidated Bank of Kenya Limited","23","KE","consolidatedbank","KES"
"Credit Bank Limited","25","KE","creditbank","KES"
"Access Bank(Trans-National Bank Limited)","26","KE","accessbank(trans-national","KES"
"CFC Stanbic Bank Kenya Limited","31","KE","cfcstanbic","KES"
"African Banking Corp. Bank Ltd","35","KE","africanbanking","KES"
"EcoBank PLC","43","KE","ecobankplc","KES"
"Spire Bank(Equatorial Commercial Bank Limited)","49","KE","spirebank(equatorial","KES"
"Paramount Universal Bank Limited","50","KE","paramountuniversal","KES"
"Kingdom Bank(Jamii Bora Bank)","51","KE","kingdombank(jamii","KES"
"Guaranty Trust Bank","53","KE","guarantytrust","KES"
"Victoria Commercial Bank Limited","54","KE","victoriacommercial","KES"
"Guardian Bank Limited","55","KE","guardianbank","KES"
"Investments n Mortgages Bank Limited","57","KE","investmentsn","KES"
"Housing Finance Bank","61","KE","housingfinance","KES"
"Diamond Trust Bank Limited","63","KE","diamondtrust","KES"
"Sidian Bank(K-Rep Bank Limited)","66","KE","sidianbank(k-rep","KES"
"Equity Bank Limited","68","KE","equitybank","KES"
"Family Bank Ltd","70","KE","familybank","KES"
"Gulf African Bank Ltd","72","KE","gulfafrican","KES"
"First Community Bank","74","KE","firstcommunity","KES"
"UBA Kenya Bank Ltd","76","KE","ubakenya","KES"
"MPESA","MPS","KE","mpesaundefined","KES"
"Airtel Kenya","MPX","KE","airtelkenya","KES"
"SAFARICOM","SAFARICOM","KE","safaricom","KES"
"T-KASH","T-Kash","KE","t-kash","KES"
"Enterprise Bank","000019","NG","enterprisebank","NGN"
"Globus Bank","000027","NG","globusbank","NGN"
"Lotus Bank","000029","NG","lotusbank","NGN"
"First Bank PLC","011","NG","firstbank","NGN"
"Union Bank PLC","032","NG","unionbank","NGN"
"United Bank for Africa","033","NG","unitedbank","NGN"
"Wema Bank PLC","035","NG","wemabank","NGN"
"Access Bank","044","NG","accessbank","NGN"
"EcoBank PLC","050","NG","ecobankplc","NGN"
"Enco Finance","050012","NG","encofinance","NGN"
"Dignity Finance","050013","NG","dignityfinance","NGN"
"TRINITY FINANCIAL SERVICES LIMITED","050014","NG","trinityfinancial","NGN"
"ZEDVANCE FINANCE LIMITED","050019","NG","zedvancefinance","NGN"
"VALE FINANCE LIMITED","050020","NG","valefinance","NGN"
"Zenith bank PLC","057","NG","zenithbank","NGN"
"Guaranty Trust Bank","058","NG","guarantytrust","NGN"
"Coronation Merchant Bank","060001","NG","coronationmerchant","NGN"
"FBNQUEST Merchant Bank","060002","NG","fbnquestmerchant","NGN"
"Nova Merchant Bank","060003","NG","novamerchant","NGN"
"Greenwich Merchant Bank","060004","NG","greenwichmerchant","NGN"
"Standard Chaterted bank PLC","068","NG","standardchaterted","NGN"
"Fidelity Bank","070","NG","fidelitybank","NGN"
"NPF MicroFinance Bank","070001","NG","npfmicrofinance","NGN"
"Fortis Microfinance Bank","070002","NG","fortismicrofinance","NGN"
"Covenant Microfinance Bank","070006","NG","covenantmicrofinance","NGN"
"Omoluabi savings and loans","070007","NG","omoluabisavings","NGN"
"Page Financials","070008","NG","pagefinancials","NGN"
"Gateway Mortgage Bank","070009","NG","gatewaymortgage","NGN"
"Abbey Mortgage Bank","070010","NG","abbeymortgage","NGN"
"Lagos Building Investment Company","070012","NG","lagosbuilding","NGN"
"Platinum Mortgage Bank","070013","NG","platinummortgage","NGN"
"First Generation Mortgage Bank","070014","NG","firstgeneration","NGN"
"Brent Mortgage Bank","070015","NG","brentmortgage","NGN"
"Infinity Trust Mortgage Bank","070016","NG","infinitytrust","NGN"
"Haggai Mortgage Bank Limited","070017","NG","haggaimortgage","NGN"
"Mayfresh Mortgage Bank","070019","NG","mayfreshmortgage","NGN"
"Coop Mortgage Bank","070021","NG","coopmortgage","NGN"
"Stb Mortgage Bank","070022","NG","stbmortgage","NGN"
"Delta Trust Mortgage Bank","070023","NG","deltatrust","NGN"
"Homebase Mortgage","070024","NG","homebasemortgage","NGN"
"Akwa Savings & Loans Limited","070025","NG","akwasavings","NGN"
"Fha Mortgage Bank Ltd","070026","NG","fhamortgage","NGN"
"Polaris bank","076","NG","polarisbank","NGN"
"Tajwallet","080002","NG","tagwallet","NGN"
"Keystone Bank","082","NG","keystonebank","NGN"
"ASOSavings & Loans","090001","NG","asosavings&","NGN"
"Jubilee-Life Mortgage  Bank","090003","NG","jubilee-lifemortgage","NGN"
"Parralex Microfinance bank","090004","NG","parralexmicrofinance","NGN"
"Trustbond Mortgage Bank","090005","NG","trustbondmortgage","NGN"
"SafeTrust ","090006","NG","safetrust","NGN"
"Ekondo MFB","090097","NG","ekondomfb","NGN"
"FIRSTTRUST MORTGAGE BANK","090107","NG","firsttrustmortgage","NGN"
"New Prudential Bank","090108","NG","newprudential","NGN"
"VFD Micro Finance Bank","090110","NG","vfdmicro","NGN"
"Seed Capital Microfinance Bank","090112","NG","seedcapital","NGN"
"Microvis Microfinance Bank","090113","NG","microvismicrofinance","NGN"
"Empire trust MFB","090114","NG","empiretrust","NGN"
"IBANK Microfinance Bank","090115","NG","ibankmicrofinance","NGN"
"AMML MFB","090116","NG","ammlmfb","NGN"
"Boctrust Microfinance Bank","090117","NG","boctrustmicrofinance","NGN"
"IBILE Microfinance Bank","090118","NG","ibilemicrofinance","NGN"
"Ohafia Microfinance Bank","090119","NG","ohafiamicrofinance","NGN"
"Wetland Microfinance Bank","090120","NG","wetlandmicrofinance","NGN"
"Hasal Microfinance Bank","090121","NG","hasalmicrofinance","NGN"
"Gowans Microfinance Bank","090122","NG","gowansmicrofinance","NGN"
"Verite Microfinance Bank","090123","NG","veritemicrofinance","NGN"
"Xslnce Microfinance Bank","090124","NG","xslncemicrofinance","NGN"
"Regent Microfinance Bank","090125","NG","regentmicrofinance","NGN"
"Fidfund Microfinance Bank","090126","NG","fidfundmicrofinance","NGN"
"BC Kash Microfinance Bank","090127","NG","bckash","NGN"
"Ndiorah Microfinance Bank","090128","NG","ndiorahmicrofinance","NGN"
"Money Trust Microfinance Bank","090129","NG","moneytrust","NGN"
"Consumer Microfinance Bank","090130","NG","consumermicrofinance","NGN"
"Allworkers Microfinance Bank","090131","NG","allworkersmicrofinance","NGN"
"Richway Microfinance Bank","090132","NG","richwaymicrofinance","NGN"
" AL-Barakah Microfinance Bank","090133","NG","al-barakah","NGN"
"Accion Microfinance Bank","090134","NG","accionmicrofinance","NGN"
"Personal Trust Microfinance Bank","090135","NG","personaltrust","NGN"
"Baobab Microfinance Bank","090136","NG","baobabmicrofinance","NGN"
"PecanTrust Microfinance Bank","090137","NG","pecantrustmicrofinance","NGN"
"Royal Exchange Microfinance Bank","090138","NG","royalexchange","NGN"
"Visa Microfinance Bank","090139","NG","visamicrofinance","NGN"
"Sagamu Microfinance Bank","090140","NG","sagamumicrofinance","NGN"
"Chikum Microfinance Bank","090141","NG","chikummicrofinance","NGN"
"Yes Microfinance Bank","090142","NG","yesmicrofinance","NGN"
"Apeks Microfinance Bank","090143","NG","apeksmicrofinance","NGN"
"CIT Microfinance Bank","090144","NG","citmicrofinance","NGN"
"Fullrange Microfinance Bank","090145","NG","fullrangemicrofinance","NGN"
"Trident Microfinance Bank","090146","NG","tridentmicrofinance","NGN"
"Hackman Microfinance Bank","090147","NG","hackmanmicrofinance","NGN"
"Bowen Microfinance Bank","090148","NG","bowenmicrofinance","NGN"
"IRL Microfinance Bank","090149","NG","irlmicrofinance","NGN"
"Virtue Microfinance Bank","090150","NG","virtuemicrofinance","NGN"
"Mutual Trust Microfinance Bank","090151","NG","mutualtrust","NGN"
"Nagarta Microfinance Bank","090152","NG","nagartamicrofinance","NGN"
"FFS Microfinance Bank","090153","NG","ffsmicrofinance","NGN"
"CEMCS Microfinance Bank","090154","NG","cemcsmicrofinance","NGN"
"La  Fayette Microfinance Bank","090155","NG","la","NGN"
"e-Barcs Microfinance Bank","090156","NG","e-barcsmicrofinance","NGN"
"Infinity Microfinance Bank","090157","NG","infinitymicrofinance","NGN"
"Futo Microfinance Bank","090158","NG","futomicrofinance","NGN"
"Credit Afrique Microfinance Bank","090159","NG","creditafrique","NGN"
"Addosser Microfinance Bank","090160","NG","addossermicrofinance","NGN"
"Okpoga Microfinance Bank","090161","NG","okpogamicrofinance","NGN"
"Stanford Microfinance Bak","090162","NG","stanfordmicrofinance","NGN"
"First Multiple Microfinance Bank","090163","NG","firstmultiple","NGN"
"First Royal Microfinance Bank","090164","NG","firstroyal","NGN"
"Petra Microfinance Bank","090165","NG","petramicrofinance","NGN"
"Eso-E Microfinance Bank","090166","NG","eso-emicrofinance","NGN"
"Daylight Microfinance Bank","090167","NG","daylightmicrofinance","NGN"
"Gashua Microfinance Bank","090168","NG","gashuamicrofinance","NGN"
"Alpha Kapital Microfinance Bank","090169","NG","alphakapital","NGN"
"Rahama Microfinance Bank","090170","NG","rahamamicrofinance","NGN"
"Mainstreet Microfinance Bank","090171","NG","mainstreetmicrofinance","NGN"
"Astrapolaris Microfinance Bank","090172","NG","astrapolarismicrofinance","NGN"
"Reliance Microfinance Bank","090173","NG","reliancemicrofinance","NGN"
"Malachy Microfinance Bank","090174","NG","malachymicrofinance","NGN"
"Rubies Microfinance Bank","090175","NG","rubiesmicrofinance","NGN"
"Bosak Microfinance Bank","090176","NG","bosakmicrofinance","NGN"
"BOSAK MFB","090176","NG","bosakmfb","NGN"
"Lapo Microfinance Bank","090177","NG","lapomicrofinance","NGN"
"GreenBank Microfinance Bank","090178","NG","greenbankmicrofinance","NGN"
"FAST Microfinance Bank","090179","NG","fastmicrofinance","NGN"
"AMJU Unique Microfinance Bank","090180","NG","amjuunique","NGN"
"Balogun Fulani  Microfinance Bank","090181","NG","balogunfulani","NGN"
"Standard Microfinance Bank","090182","NG","standardmicrofinance","NGN"
"Girei Microfinance Bank","090186","NG","gireimicrofinance","NGN"
"Baines Credit Microfinance Bank","090188","NG","bainescredit","NGN"
"Esan Microfinance Bank","090189","NG","esanmicrofinance","NGN"
"Mutual Benefits Microfinance Bank","090190","NG","mutualbenefits","NGN"
"KCMB Microfinance Bank","090191","NG","kcmbmicrofinance","NGN"
"Midland Microfinance Bank","090192","NG","midlandmicrofinance","NGN"
"Unical Microfinance Bank","090193","NG","unicalmicrofinance","NGN"
"NIRSAL Microfinance Bank","090194","NG","nirsalmicrofinance","NGN"
"Grooming Microfinance Bank","090195","NG","groomingmicrofinance","NGN"
"Pennywise Microfinance Bank","090196","NG","pennywisemicrofinance","NGN"
"ABU Microfinance Bank","090197","NG","abumicrofinance","NGN"
"RenMoney Microfinance Bank","090198","NG","renmoneymicrofinance","NGN"
"Xpress Payments","090201","NG","xpresspayments","NGN"
"Accelerex Network","090202","NG","accelerexnetwork","NGN"
"New Dawn Microfinance Bank","090205","NG","newdawn","NGN"
"Itex Integrated Services Limited","090211","NG","itexintegrated","NGN"
"UNN MFB","090251","NG","unnmfb","NGN"
"Yobe Microfinance Bank","090252","NG","yobemicrofinance","NGN"
"Coalcamp Microfinance Bank","090254","NG","coalcampmicrofinance","NGN"
"Imo State Microfinance Bank","090258","NG","imostate","NGN"
"Alekun Microfinance Bank","090259","NG","alekunmicrofinance","NGN"
"Above Only Microfinance Bank","090260","NG","aboveonly","NGN"
"Quickfund Microfinance Bank","090261","NG","quickfundmicrofinance","NGN"
"Stellas Microfinance Bank","090262","NG","stellasmicrofinance","NGN"
"Navy Microfinance Bank","090263","NG","navymicrofinance","NGN"
"Auchi Microfinance Bank","090264","NG","auchimicrofinance","NGN"
"Lovonus Microfinance Bank","090265","NG","lovonusmicrofinance","NGN"
"Uniben Microfinance Bank","090266","NG","unibenmicrofinance","NGN"
"Kuda","090267","NG","kudaundefined","NGN"
"Adeyemi College Staff Microfinance Bank","090268","NG","adeyemicollege","NGN"
"Greenville Microfinance Bank","090269","NG","greenvillemicrofinance","NGN"
"AB Microfinance Bank","090270","NG","abmicrofinance","NGN"
"Lavender Microfinance Bank","090271","NG","lavendermicrofinance","NGN"
"Olabisi Onabanjo University Microfinance Bank","090272","NG","olabisionabanjo","NGN"
"Emeralds Microfinance Bank","090273","NG","emeraldsmicrofinance","NGN"
"Prestige Microfinance Bank","090274","NG","prestigemicrofinance","NGN"
"BANKIT MFB","090275","NG","bankitmfb","NGN"
"Trustfund Microfinance Bank","090276","NG","trustfundmicrofinance","NGN"
"Al-Hayat Microfinance Bank","090277","NG","al-hayatmicrofinance","NGN"
"Glory Microfinance Bank ","090278","NG","glorymicrofinance","NGN"
"Ikire Microfinance Bank","090279","NG","ikiremicrofinance","NGN"
"Megapraise Microfinance Bank","090280","NG","megapraisemicrofinance","NGN"
"Mint-Finex MICROFINANCE BANK","090281","NG","mint-finexmicrofinance","NGN"
"Arise Microfinance Bank","090282","NG","arisemicrofinance","NGN"
"Thrive Microfinance Bank","090283","NG","thrivemicrofinance","NGN"
"First Option Microfinance Bank","090285","NG","firstoption","NGN"
"Safe Haven MFB","090286","NG","safehaven","NGN"
"Assets Matrix Microfinance Bank","090287","NG","assetsmatrix","NGN"
"Pillar Microfinance Bank","090289","NG","pillarmicrofinance","NGN"
"Fct Microfinance Bank","090290","NG","fctmicrofinance","NGN"
"Halacredit Microfinance Bank","090291","NG","halacreditmicrofinance","NGN"
"Afekhafe Microfinance Bank","090292","NG","afekhafemicrofinance","NGN"
"Brethren Microfinance Bank","090293","NG","brethrenmicrofinance","NGN"
"Eagle Flight Microfinance Bank","090294","NG","eagleflight","NGN"
"Omiye Microfinance Bank","090295","NG","omiyemicrofinance","NGN"
"Polyuwanna Microfinance Bank","090296","NG","polyuwannamicrofinance","NGN"
"Alert Microfinance Bank","090297","NG","alertmicrofinance","NGN"
"Federalpoly Nasarawamfb","090298","NG","federalpolynasarawamfb","NGN"
"Kontagora Microfinance Bank","090299","NG","kontagoramicrofinance","NGN"
"Sunbeam Microfinance Bank","090302","NG","sunbeammicrofinance","NGN"
"Purplemoney Microfinance Bank","090303","NG","purplemoneymicrofinance","NGN"
"Evangel Microfinance Bank","090304","NG","evangelmicrofinance","NGN"
"Sulsap Microfinance Bank","090305","NG","sulsapmicrofinance","NGN"
"Aramoko Microfinance Bank","090307","NG","aramokomicrofinance","NGN"
"Brightway Microfinance Bank","090308","NG","brightwaymicrofinance","NGN"
"Edfin Microfinance Bank","090310","NG","edfinmicrofinance","NGN"
"U And C Microfinance Bank","090315","NG","uand","NGN"
"Bayero Microfinance Bank","090316","NG","bayeromicrofinance","NGN"
"PatrickGold Microfinance Bank","090317","NG","patrickgoldmicrofinance","NGN"
"FUD MFB","090318","NG","fudmfb","NGN"
"Bonghe Microfinance Bank","090319","NG","bonghemicrofinance","NGN"
"Kadpoly Microfinance Bank","090320","NG","kadpolymicrofinance","NGN"
"Mayfair  Microfinance Bank","090321","NG","mayfair","NGN"
"Rephidim Microfinance Bank","090322","NG","rephidimmicrofinance","NGN"
"Mainland Microfinance Bank","090323","NG","mainlandmicrofinance","NGN"
"Ikenne Microfinance Bank","090324","NG","ikennemicrofinance","NGN"
"Sparkle","090325","NG","sparkle","NGN"
"Balogun Gambari Microfinance Bank","090326","NG","balogungambari","NGN"
"Trust Microfinance Bank","090327","NG","trustmicrofinance","NGN"
"Eyowo MFB","090328","NG","eyowomfb","NGN"
"Neptune Microfinance Bank","090329","NG","neptunemicrofinance","NGN"
"Fame Microfinance Bank","090330","NG","famemicrofinance","NGN"
"Unaab Microfinance Bank","090331","NG","unaabmicrofinance","NGN"
"Evergreen Microfinance Bank","090332","NG","evergreenmicrofinance","NGN"
"Oche Microfinance Bank","090333","NG","ochemicrofinance","NGN"
"Grant MF Bank","090335","NG","grantmf","NGN"
"Bipc Microfinance Bank","090336","NG","bipcmicrofinance","NGN"
"Iyeru Okin Microfinance Bank Ltd","090337","NG","iyeruokin","NGN"
"Uniuyo Microfinance Bank","090338","NG","uniuyomicrofinance","NGN"
"SINCERE MFB","090339","NG","sinceremfb","NGN"
"Stockcorp  Microfinance Bank","090340","NG","stockcorp","NGN"
"Unilorin Microfinance Bank","090341","NG","unilorinmicrofinance","NGN"
"Citizen Trust Microfinance Bank Ltd","090343","NG","citizentrust","NGN"
"Oau Microfinance Bank Ltd","090345","NG","oaumicrofinance","NGN"
"Nasarawa Microfinance Bank","090349","NG","nasarawamicrofinance","NGN"
"Illorin Microfinance Bank","090350","NG","illorinmicrofinance","NGN"
"Jessefield Microfinance Bank","090352","NG","jessefieldmicrofinance","NGN"
"Isuofia Microfinance Bank","090353","NG","isuofiamicrofinance","NGN"
"Cashconnect   Microfinance Bank","090360","NG","cashconnect","NGN"
"Molusi Microfinance Bank","090362","NG","molusimicrofinance","NGN"
"Headway Microfinance Bank","090363","NG","headwaymicrofinance","NGN"
"Nuture Microfinance Bank","090364","NG","nuturemicrofinance","NGN"
"Corestep Microfinance Bank","090365","NG","corestepmicrofinance","NGN"
"Firmus MFB","090366","NG","firmusmfb","NGN"
"Seedvest Microfinance Bank","090369","NG","seedvestmicrofinance","NGN"
"Ilasan Microfinance Bank","090370","NG","ilasanmicrofinance","NGN"
"Agosasa Microfinance Bank","090371","NG","agosasamicrofinance","NGN"
"Legend Microfinance Bank","090372","NG","legendmicrofinance","NGN"
"Tf Microfinance Bank","090373","NG","tfmicrofinance","NGN"
"Coastline Microfinance Bank","090374","NG","coastlinemicrofinance","NGN"
"Apple  Microfinance Bank","090376","NG","apple","NGN"
"Isaleoyo Microfinance Bank","090377","NG","isaleoyomicrofinance","NGN"
"New Golden Pastures Microfinance Bank","090378","NG","newgolden","NGN"
"Peniel Micorfinance Bank Ltd","090379","NG","penielmicorfinance","NGN"
"Kredi Money Microfinance Bank","090380","NG","kredimoney","NGN"
"Manny Microfinance bank","090383","NG","mannymicrofinance","NGN"
"Gti  Microfinance Bank","090385","NG","gti","NGN"
"Interland Microfinance Bank","090386","NG","interlandmicrofinance","NGN"
"Ek-Reliable Microfinance Bank","090389","NG","ek-reliablemicrofinance","NGN"
"Parkway Mf Bank","090390","NG","parkwaymf","NGN"
"Davodani  Microfinance Bank","090391","NG","davodani","NGN"
"Mozfin Microfinance Bank","090392","NG","mozfinmicrofinance","NGN"
"BRIDGEWAY MICROFINANCE BANK","090393","NG","bridgewaymicrofinance","NGN"
"Amac Microfinance Bank","090394","NG","amacmicrofinance","NGN"
"Borgu Microfinance Bank","090395","NG","borgumicrofinance","NGN"
"Oscotech Microfinance Bank","090396","NG","oscotechmicrofinance","NGN"
"Chanelle Bank","090397","NG","chanellebank","NGN"
"Federal Polytechnic Nekede Microfinance Bank","090398","NG","federalpolytechnic","NGN"
"Nwannegadi Microfinance Bank","090399","NG","nwannegadimicrofinance","NGN"
"Finca Microfinance Bank","090400","NG","fincamicrofinance","NGN"
"Shepherd Trust Microfinance Bank","090401","NG","shepherdtrust","NGN"
"Peace Microfinance Bank","090402","NG","peacemicrofinance","NGN"
"Uda Microfinance Bank","090403","NG","udamicrofinance","NGN"
"Doje Microfinance Bank Limited","090404","NG","olowolagbamicrofinance","NGN"
"Moniepoint Microfinance Bank","090405","NG","moniepointmicrofinance","NGN"
"Business Support Microfinance Bank","090406","NG","businesssupport","NGN"
"Gmb Microfinance Bank","090408","NG","gmbmicrofinance","NGN"
"Fcmb Microfinance Bank","090409","NG","fcmbmicrofinance","NGN"
"Maritime Microfinance Bank","090410","NG","maritimemicrofinance","NGN"
"Giginya Microfinance Bank","090411","NG","giginyamicrofinance","NGN"
"Preeminent Microfinance Bank","090412","NG","preeminentmicrofinance","NGN"
"Benysta Microfinance Bank","090413","NG","benystamicrofinance","NGN"
"Crutech  Microfinance Bank","090414","NG","crutech","NGN"
"Calabar Microfinance Bank","090415","NG","calabarmicrofinance","NGN"
"Chibueze Microfinance Bank","090416","NG","chibuezemicrofinance","NGN"
"Macrod MFB","090603 ","NG","macrodmfb","NGN"
"MADOBI MICROFINANCE BANK","090605","NG","madobimicrofinance","NGN"
"KKU Microfinance Bank","090606","NG","kkumicrofinance","NGN"
"Akpo Microfinance Bank","090608","NG","akpomicrofinance","NGN"
"Ummah Microfinance Bank ","090609","NG","ummahmicrofinance","NGN"
"AMOYE MICROFINANCE BANK","090610","NG","amoyemicrofinance","NGN"
"Creditville Microfinance Bank","090611","NG","creditvillemicrofinance","NGN"
"Medef Microfinance Bank","090612","NG","medefmicrofinance","NGN"
"Build MicroFinance Bank","090613","NG","totaltrust","NGN"
"FLOURISH MFB","090614","NG","flourishmfb","NGN"
"Beststar Microfinance Bank","090615","NG","beststarmicrofinance","NGN"
"RAYYAN Microfinance Bank","090616","NG","rayyanmicrofinance","NGN"
"LOMA Microfinance Bank","090620","NG","lomamicrofinance","NGN"
"GIDAUNIYAR ALHERI MICROFINANCE BANK","090621","NG","gidauniyaralheri","NGN"
"Mab Allianz MFB","090623","NG","maballianz","NGN"
"Cashbridge Microfinance Bank","090634","NG","cashbridgemicrofinance","NGN"
"CASHRITE MICROFINANCE BANK","090649","NG","cashritemicrofinance","NGN"
"PYRAMID MICROFINANCE BANK","090657","NG","pyramidmicrofinance","NGN"
"MICHAEL OKPARA UNIAGRIC MICROFINANCE BANK","090659","NG","michaelokpara","NGN"
"Moremonee Microfinance Bank Limited","090685","NG","m&mmicrofinance","NGN"
"IBBU MFB","090697","NG","ibbumfb","NGN"
"Wesley MFB","090699","NG","wesleymfb","NGN"
"ISUA MICROFINANCE BANK","090701","NG","isuamicrofinance","NGN"
"UCEE MICROFINANCE BANK","090706","NG","uceemicrofinance","NGN"
"TransPay MICROFINANCE BANK","090708","NG","transpaymicrofinance","NGN"
"FOCUS MICROFINANCE BANK","090709","NG","focusmicrofinance","NGN"
"OSOMHE MFB","090715","NG","osomhemfb","NGN"
"ZITRA MFB","090718","NG","zitramfb","NGN"
"UNUBI MFB","090719","NG","unubimfb","NGN"
"RIC MFB","090720","NG","ricmfb","NGN"
"DW MFB","090721","NG","dwmfb","NGN"
"DESTINY MFB","090723","NG","destinymfb","NGN"
"LAWYERS MFB","090724","NG","lawyersmfb","NGN"
"IHIALA MFB","090725","NG","ihialamfb","NGN"
"SURE ANCHOR MFB","090728","NG","sureanchor","NGN"
"IJARE MFB","090730","NG","ijaremfb","NGN"
"LEVITE MFB","090731","NG","levitemfb","NGN"
"NOVUS MFB","090734","NG","novusmfb","NGN"
"NOMASE MFB","090736","NG","nomasemfb","NGN"
"APEX TRUST MFB","090737","NG","apextrust","NGN"
"OGBERURU MFB","090738","NG","ogberurumfb","NGN"
"OGIGE MFB","090739","NG","ogigemfb","NGN"
"NAF MFB","090740","NG","nafmfb","NGN"
"WESTON-CHARIS MFB","090741","NG","weston-charismfb","NGN"
"DIGITVANT MFB","090745","NG","digitvantmfb","NGN"
"MAESTRO MFB","090746","NG","maestromfb","NGN"
"ZEFA MFB","090747","NG","zefamfb","NGN"
"Suntrust Bank","100","NG","suntrustbank","NGN"
"FET","100001","NG","fet","NGN"
"Parkway-ReadyCash","100003","NG","readycash","NGN"
"Opay","100004","NG","opay","NGN"
"Cellulant","100005","NG","cellulant","NGN"
"eTranzact","100006","NG","etranzact","NGN"
"Stanbic IBTC @ease wallet","100007","NG","stanbicibtc","NGN"
"Ecobank Xpress Account","100008","NG","ecobankxpress","NGN"
"GTMobile","100009","NG","gtmobile","NGN"
"TeasyMobile","100010","NG","teasymobile","NGN"
"Mkudi","100011","NG","mkudi","NGN"
"VTNetworks","100012","NG","vtnetworks","NGN"
"AccessMobile","100013","NG","accessmobile","NGN"
"FBNMobile","100014","NG","fbnmobile","NGN"
"Kegow","100015","NG","kegow","NGN"
"FortisMobile","100016","NG","fortismobile","NGN"
"Hedonmark","100017","NG","hedomark","NGN"
"ZenithMobile","100018","NG","zenithmobile","NGN"
"Fidelity Mobile","100019","NG","fidelitymobile","NGN"
"MoneyBox","100020","NG","moneybox","NGN"
"Carbon","100026","NG","carbonundefined","NGN"
"EcoMobile","100030","NG","ecomobileundefined","NGN"
"PALMPAY","100033","NG","palmpayundefined","NGN"
"ProvidusBank PLC","101","NG","providusbankplc","NGN"
"Cyberspace Limited","110014","NG","cyberspacelimited","NGN"
"Vas2Nets Limited","110015","NG","vas2netslimited","NGN"
"Nibssussd Payments","110019","NG","nibssussdpayments","NGN"
"First City Monument Bank","214","NG","firstcity","NGN"
"Unity Bank PLC","215","NG","unitybank","NGN"
"Stanbic IBTC Bank","221","NG","stanbicibtc","NGN"
"Sterling Bank PLC","232","NG","sterlingbank","NGN"
"Jaiz Bank","301","NG","jaizbank","NGN"
"Paycom","305","NG","paycomundefined","NGN"
"Paga","327","NG","pagaundefined","NGN"
"Rand merchant Bank","502","NG","randmerchant","NGN"
"FINATRUST MICROFINANCE BANK","608","NG","finatrustmicrofinance","NGN"
"Taj Bank Limited","000026","NG","tajbank","NGN"
"Source Microfinance Bank","090641","NG","sourcemicrofinance","NGN"
"Bank Of India","05","KE","bankof","KES"
"Bank of Baroda","06","KE","bankof","KES"
"Choice Microfinance Bank","36","KE","choicemicrofinance","KES"
"SBM","60","KE","sb","KES"
"Mayfair Bank","65","KE","mayfairbank","KES"
"Equity USD","68usd","KE","equityusd","KES"
"DIB Bank","75","KE","dibbank","KES"
"KWFT Bank","78","KE","kwftbank","KES"
"Stima Sacco","89","KE","stimasacco","KES"
"KCB Vooma","VOOMA","KE","kcbvooma","KES"
"Arab African International Bank","AAIB","EG","arabafrican","EGP"
"Arab Banking Corporation","ABC","EG","arabbanking","EGP"
"Al Ahli Bank of Kuwait – Egypt","ABK","EG","alahli","EGP"
"Al Baraka Bank Egypt","ABRK","EG","albaraka","EGP"
"Abu Dhabi Islamic Bank – Egypt","ADIB","EG","abudhabi","EGP"
"Arab Investment Bank","AIB","EG","arabinvestment","EGP"
"Arab Bank","ARAB","EG","arabbank","EGP"
"Arab International Bank","ARIB","EG","arabinternational","EGP"
"Ahly United Bank","AUB","EG","ahlyunited","EGP"
"Audi Bank","AUDI","EG","audibank","EGP"
"Attijariwafa Bank Egypt","BBE","EG","attijariwafabank","EGP"
"Banque Du Caire","BDC","EG","banquedu","EGP"
"Blom Bank Egypt","BLOM","EG","blombank","EGP"
"Bank of Alexandria","BOA","EG","bankof","EGP"
"Credit Agricole Egypt","CAE","EG","creditagricole","EGP"
"Central Bank of Egypt","CBE","EG","centralbank","EGP"
"Commercial International Bank","CIB","EG","commercialinternational","EGP"
"Citibank","CITI","EG","citibankundefined","EGP"
"Egyptian Arab Land Bank","EALB","EG","egyptianarab","EGP"
"Export Development Bank of Egypt","EDBE","EG","exportdevelopment","EGP"
"Egyptian Gulf Bank","EGB","EG","egyptiangulf","EGP"
"EGPWALLETS","EGPWALLETS","EG","egpwallet","EGP"
"Emirates National Bank of Dubai","ENBD","EG","emiratesnational","EGP"
"First Abu Dhabi Bank","FAB","EG","firstabu","EGP"
"Faisal Islamic Bank of Egypt","FAIB","EG","faisalislamic","EGP"
"FAWRY","FAWRY","EG","fawry","EGP"
"Housing And Development Bank","HDB","EG","housingand","EGP"
"HSBC","HSBC","EG","hsbcundefined","EGP"
"Industrial Development Bank of Egypt","IDB","EG","industrialdevelopment","EGP"
"Mashreq Bank","MASH","EG","mashreqbank","EGP"
"Misr Iran Development Bank","MIDB","EG","misriran","EGP"
"Meeza Digital","MIDG","EG","meezadigital","EGP"
"Banque Misr","MISR","EG","banquemisr","EGP"
"National Bank of Egypt","NBE","EG","nationalbank","EGP"
"National Bank of Greece","NBG","EG","nationalbank","EGP"
"National Bank of Kuwait","NBK","EG","nationalbank","EGP"
"Nasser social Bank","NSB","EG","nassersocial","EGP"
"The Principal Bank for Development and Agri.","PDAC","EG","theprincipal","EGP"
"Egypt Post","POST","EG","egyptpost","EGP"
"Qatar National Bank Alahli","QNB","EG","qatarnational","EGP"
"Societe Arabe Internationale De Banque","SAIB","EG","societearabe","EGP"
"Suez Canal Bank","SCB","EG","suezcanal","EGP"
"The United Bank","UB","EG","theunited","EGP"
"Union National Bank","UNB","EG","unionnational","EGP"
"Bold Microfinance Bank","090753","NG","boldmicrofinance","NGN"
"AIRTEL","Airtel","KE","airtelundefined","KES"
"PocketApp","100042","NG","pocketapp","NGN"
"Nuvion MFB (Formerly Indulge MFB)","090772","NG","nuvionmfb","NGN"
"KongaPay","010025","NG","kongapay","NGN"
"Poder finance","050021","NG","poderfinance","NGN"
"Northquest Finance","050030","NG","northquestfinance","NGN"
"Gadol Finance","050033","NG","gadolfinance","NGN"
"Evib Finance","050034","NG","evibfinance","NGN"
"Ours MFB","090346","NG","oursmfb","NGN"
"Mint Microfinance Bank","090763","NG","mintmicrofinance","NGN"
"MODEL MICROFINANCE BANK","090775","NG","modelmicrofinance","NGN"
"Ultimate Microfinance Bank","090776","NG","ultimatemicrofinance","NGN"
"Uniabuja MFB","090778","NG","uniabujamfb","NGN"
"Liquidcrest MFB","090780","NG","liquidcrestmfb","NGN"
"Ultraviolet MFB","090781","NG","ultravioletmfb","NGN"
"Barnawa MFB","090783","NG","barnawamfb","NGN"
"Prodigy MFB","090784","NG","prodigymfb","NGN"
"Bankeasy MFB","090789","NG","bankeasymfb","NGN"
"Ikere MFB","090799","NG","ikeremfb","NGN"
"Kaizen Microfinance Bank","090800","NG","kaizenmicrofinance","NGN"
"Igbo-ukwu MFB","090803","NG","igbo-ukwumfb","NGN"
"WALLET Microfinance Bank","090805","NG","walletmicrofinance","NGN"
"SPRINGFIELD MICROFINANCE BANK","090806","NG","springfieldmicrofinance","NGN"
"LIGHTWAY MICROFINANCE BANK","090807","NG","lightwaymicrofinance","NGN"
"Umunri MFB","090808","NG","umunrimfb","NGN"
"KongaPay","010025","NG","kongapay","NGN"
"Poder finance","050021","NG","poderfinance","NGN"
"Sciart Finance","050024","NG","sciartfinance","NGN"
"Northquest Finance","050030","NG","northquestfinance","NGN"
"Gadol Finance","050033","NG","gadolfinance","NGN"
"Evib Finance","050034","NG","evibfinance","NGN"
"SPRING SKY FINANCE","050036","NG","springsky","NGN"
"Ours MFB","090346","NG","oursmfb","NGN"
"BLOOM MFB","090743","NG","bloommfb","NGN"
"Mint Microfinance Bank","090763","NG","mintmicrofinance","NGN"
"MODEL MICROFINANCE BANK","090775","NG","modelmicrofinance","NGN"
"Ultimate Microfinance Bank","090776","NG","ultimatemicrofinance","NGN"
"Uniabuja MFB","090778","NG","uniabujamfb","NGN"
"Liquidcrest MFB","090780","NG","liquidcrestmfb","NGN"
"Ultraviolet MFB","090781","NG","ultravioletmfb","NGN"
"Uga microfinance bank","090782","NG","ugamicrofinance","NGN"
"Barnawa MFB","090783","NG","barnawamfb","NGN"
"Prodigy MFB","090784","NG","prodigymfb","NGN"
"Vista Microfinance Bank","090787","NG","vistamicrofinance","NGN"
"Bankeasy MFB","090789","NG","bankeasymfb","NGN"
"Ikere MFB","090799","NG","ikeremfb","NGN"
"Kaizen Microfinance Bank","090800","NG","kaizenmicrofinance","NGN"
"Toprate Microfinance Bank","090801","NG","topratemicrofinance","NGN"
"Igbo-ukwu MFB","090803","NG","igbo-ukwumfb","NGN"
"WALLET Microfinance Bank","090805","NG","walletmicrofinance","NGN"
"SPRINGFIELD MICROFINANCE BANK","090806","NG","springfieldmicrofinance","NGN"
"LIGHTWAY MICROFINANCE BANK","090807","NG","lightwaymicrofinance","NGN"
"Umunri MFB","090808","NG","umunrimfb","NGN"
"Obollo MFB","090810","NG","obollomfb","NGN"
"Umuoji Microfinance Bank","090814","NG","umuojimicrofinance","NGN"
"ARM Microfinance Bank","090816","NG","armmicrofinance","NGN"
"Auchi Poly Microfinance Bank","090817","NG","auchipoly","NGN"
"Nexton Microfinance bank","090818","NG","nextonmicrofinance","NGN"
"DSC Microfinance Bank","090821","NG","dscmicrofinance","NGN"
"Noun Microfinance Bank","090822","NG","nounmicrofinance","NGN"
"Uga microfinance bank","090782","NG","UgaMFB","NGN"
"Nexton microfinance bank","090818","NG","NextonMFB","NGN"
"SPRING SKY FINANCE","050036","NG","SpringSky","NGN"
"Obollo MFB","090810","NG","ObolloMFB","NGN"
"Vista Microfinance Bank","090787","NG","VistaMFB","NGN"
"Toprate Microfinance Bank","090801","NG","ToprateMFB","NGN"
"DSC Microfinance Bank","090821","NG","DSCMFB","NGN"
"ARM MFB","090816","NG","ARMMFB","NGN"
"Sciart Finance","050024","NG","SciartMFB","NGN"
"Auchi Poly MFB","090817","NG","AuchiPoly","NGN"
"Umuoji MFB","090814","NG","UmuojiMFB","NGN"
"Ourpass Microfinance Bank","090767","NG","ourpassmicrofinance","NGN"
"Tatum Bank","000042","NG","tatumbank","NGN"
"FirstMarina Trust Finance","050022","NG","firstmarinatrust","NGN"
"Whitecrust Finance","050035","NG","whitecrustfinance","NGN"
"Adamawa Mortgage Bank","070030","NG","adamawamortgage","NGN"
"Summit Bank","080003","NG","summitbank","NGN"
"Moneytronics Microfinance Bank","090692","NG","moneytronicsmicrofinance","NGN"
"Eastman Microfinance Bank","090707","NG","eastmanmicrofinance","NGN"
"Bowman Microfinance Bank","090804","NG","bowmanmicrofinance","NGN"
"Victory Microfinance Bank","090813","NG","victorymicrofinance","NGN"
"Charis Microfinance Bank","090815","NG","charismicrofinance","NGN"
"Boost Microfinance Bank","090819","NG","boostmicrofinance","NGN"
"Ukpor Microfinance Bank","090820","NG","ukpormicrofinance","NGN"
"Mega Microfinance Bank","090824","NG","megamicrofinance","NGN"
"Dilon Microfinance Bank","090828","NG","dilonmicrofinance","NGN"
"Alpha Morgan Bank","000041","NG","Alpha Morgan","NGN"
"ECOCBIBI","1910236K50","UG","ecocbibi","UGX"
"East African Development Bank","20654300","UG","eastafrican","UGX"
"The Uganda Institute of Bankers","25020400","UG","theuganda","UGX"
"International Credit Bank Ltd.","25548564","UG","internationalcredit","UGX"
"Trans Africa Bank Ltd","25550354","UG","transafrica","UGX"
"Engiplan Consultants","25676062","UG","engiplanconsultants","UGX"
"Mbea Brokerage Services (U) Limited","26146310","UG","mbeabrokerage","UGX"
"Co-Operative Bank Ltd.,the","26617438","UG","co-operativebank","UGX"
"Trust Bank (Uganda) Limited","26618480","UG","trustbank","UGX"
"Equity Stock Brokers (U) Ltd","26852118","UG","equitystock","UGX"
"Sabmiller Uganda","27121264","UG","sabmilleruganda","UGX"
"Crested Stocks And Securities Limited","27131044","UG","crestedstocks","UGX"
"British American Tobacco Uganda Ltd","27199362","UG","britishamerican","UGX"
"Alt Xchange Limited.","27235418","UG","altxchange","UGX"
"Mercantile Credit Bank Ltd","97339122","UG","mercantilecredit","UGX"
"UGANDA SECURITIES EXCHANGE","98357640","UG","ugandasecurities","UGX"
"Airtel","Airtel","UG","airtel","UGX"
"Mobile money","MPS","UG","mobilemoney","UGX"
"MTN","MTN","UG","mtn","UGX"
"BARCLAYS BANK OF UGANDA  LIMITED","UG01000","UG","barclaysbank","UGX"
"BANK OF BARODA","UG02000","UG","bankof","UGX"
"ECOBANK (U) LTD","UG029000","UG","ecobank(u)","UGX"
"ABC CAPITAL BANK LIMITED","UG031000","UG","abccapital","UGX"
"Bank of India","UG034000","UG","bankof","UGX"
"STANBIC BANK LIMITED","UG04000","UG","stanbicbank","UGX"
"DFCU Bank","UG05000","UG","dfcubank","UGX"
"FINCA UGANDA LIMITED 1","UG053000","UG","fincauganda","UGX"
"TROPICAL BANK OF AFRICA","UG06000","UG","tropicalbank","UGX"
"STANDARD CHARTERED BANK","UG08000","UG","standardchartered","UGX"
"I&M Bank Uganda Limited","UG11000","UG","i&mbank","UGX"
"BANK OF AFRICA","UG13000","UG","bankof","UGX"
"NATIONAL BANK OF COMMERCE","UG15000","UG","nationalbank","UGX"
"CENTENARY RURAL DEVELOPMENT","UG16000","UG","centenaryrural","UGX"
"CRANE BANK","UG17000","UG","cranebank","UGX"
"CAIRO INTERNATIONAL BANK","UG18000","UG","cairointernational","UGX"
"DIAMOND TRUST BANK","UG19000","UG","diamondtrust","UGX"
"CITIBANK N.A.","UG22000","UG","citibankn.a.","UGX"
"HOUSING FINANCE BANK","UG23000","UG","housingfinance","UGX"
"GLOBAL TRUST BANK","UG24000","UG","globaltrust","UGX"
"KCB BANK UGANDA LTD","UG25000","UG","kcbbank","UGX"
"UNITED BANK FOR AFRICA UG LTD","UG26000","UG","unitedbank","UGX"
"GUARANTEE TRUST BANK","UG27000","UG","guaranteetrust","UGX"
"EQUITY BANK","UG30000","UG","equitybank","UGX"
"ABC CAPITAL BANK LTD","UG31000","UG","abccapital","UGX"
"EXIM BANK","UG32000","UG","eximbank","UGX"
"NC BANK UGANDA LIMITED","UG35000","UG","ncbank","UGX"
"COMMERCIAL BANK OF AFRICA UGANDA LIMITED","UG36000","UG","commercialbank","UGX"
"FINANCE TRUST BANK","UG37000","UG","financetrust","UGX"
"BANK OF UGANDA","UG47000","UG","bankof","UGX"
"FINCA UGANDA LIMITED","UG53000","UG","fincauganda","UGX"
"POST BANK UGANDA LIMITED","UG56000","UG","postbank","UGX"
"PRIDE MICROFINANCE LIMITED","UG57000","UG","pridemicrofinance","UGX"
"OPPORTUNITY BANK UGNADA LIMITED","UG61000","UG","opportunitybank","UGX"
"Top Finance Bank Limited","UG62000","UG","topfinance","UGX"
"BANK OF UGANDA 1","UG99000","UG","bankof","UGX"
"COMMERZBANK - EUR","UGCOBEUR","UG","commerzbank-","UGX"
"COMMERZBANK - GBP","UGCOBGBP","UG","commerzbank-","UGX"
"COMMERZBANK - USD","UGCOBUSD","UG","commerzbank-","UGX"
"NEDBANK","UGNEDZAR","UG","nedbank","UGX"
"AIRTEL","073","RW","airtel","RWF"
"MTN","078","RW","mtn","RWF"
"AB BANK","20","RW","abbank","RWF"
"Letshego Rwanda Ltd","21","RW","letshegorwanda","RWF"
"Atlantique Microfinance Plc","22","RW","atlantiquemicrofinance","RWF"
"Umutanguha Finance Company Plc","23","RW","umutanguhafinance","RWF"
"Duterimbere-IMF Plc","24","RW","duterimbere-imfplc","RWF"
"NCBA Bank Rwanda PLC","25","RW","ncbabank","RWF"
"Goshen Finance Plc","26","RW","goshenfinance","RWF"
"copedu plc","27","RW","copeduplc","RWF"
"Vision Fund Plc","28","RW","visionfund","RWF"
"Financial Safety Co Plc","29","RW","financialsafety","RWF"
"Inkunga Finance Plc","31","RW","inkungafinance","RWF"
"RIM Ltd","32","RW","rimltd","RWF"
"MUGANGA SACCO","33","RW","mugangasacco","RWF"
"BANK OF AFRICA","76","RW","bankof","RWF"
"UMWALIMU SACCO","90","RW","umwalimusacco","RWF"
"Mobile Money","MPS","RW","mobilemoney","RWF"
"MTN","MTN","RW","mtn","RWF"
"Banque Nationale du Rwanda (National Bank of Rwanda)","RW000000","RW","banquenationale","RWF"
"I & M BANK LIMITED","RW010000","RW","i&","RWF"
"BANQUE DE KIGALI(Bank of Kigali)","RW040000","RW","banquede","RWF"
"GT BANK","RW070000","RW","gtbank","RWF"
"Ecobank Rwanda","RW100000","RW","ecobankrwanda","RWF"
"ACCESS BANK RWANDA","RW115000","RW","accessbank","RWF"
"Cogebanque (Cogebank)","RW130000","RW","cogebanque(cogebank)","RWF"
"Urwego Bank PLC","RW145000","RW","urwegobank","RWF"
"Kenya Commercial Bank","RW160000","RW","kenyacommercial","RWF"
"EQUITY BANK","RW192000","RW","equitybank","RWF"
"Agaseke Bank","RW208000","RW","agasekebank","RWF"
"UNGUKA BANK","RW224000","RW","ungukabank","RWF"
"Banque Populaire du Rwanda","RW400000","RW","banquepopulaire","RWF"
"Banque Rwandaise de Developpement","RW750000","RW","banquerwandaise","RWF"
"ZIGAMA CREDIT AND SAVINGS SCHEME","RW800000","RW","zigamacredit","RWF"
"Manifold Investment Bank Limited","11217370","ZM","manifoldinvestment","ZMW"
"Intermarket Banking Corporation Limited","11298616","ZM","intermarketbanking","ZMW"
"African Banking Corporation Zambia Limited","11348986","ZM","africanbanking","ZMW"
"Zoona","1908276CF7","ZM","zoona","ZMW"
"African Banking Corporation Zambia","2003267O9G","ZM","africanbanking","ZMW"
"ECOCZMLU","20051384GY","ZM","ecoczmlu","ZMW"
"Bayport Financial Services","2007088UP8","ZM","bayportfinancial","ZMW"
"Atlasmara Zambia Ltd","200928CAXG","ZM","atlasmarazambia","ZMW"
"Zambia Industrial Commercial Bank (ZICB)","200928CBPB","ZM","zambiaindustrial","ZMW"
"Finance Bank Zambia Ltd","201030DXKM","ZM","financebank","ZMW"
"Bank of Zambia","20683800","ZM","bankof","ZMW"
"Barclays Bank Zambia Plc","20683900","ZM","barclaysbank","ZMW"
"Citibank Zambia Limited","20684000","ZM","citibankzambia","ZMW"
"Development Bank of Zambia","20684100","ZM","developmentbank","ZMW"
"Indo-Zambia Bank Limited","20684300","ZM","indo-zambiabank","ZMW"
"Stanbic Bank Zambia Limited","20684400","ZM","stanbicbank","ZMW"
"Standard Chartered Bank Zambia Plc","20684500","ZM","standardchartered","ZMW"
"National Savings and Credit Bank of Zambia","22018590","ZM","nationalsavings","ZMW"
"Zambia National Commercial Bank Plc","22020300","ZM","zambianational","ZMW"
"Zambia National Building Society ","220722T00E","ZM","zambianational","ZMW"
"MTN Money ZM","2304260A18","ZM","mtnmoney","ZMW"
"ZM Airtel Money","2304260A1A","ZM","zmairtel","ZMW"
"Cavmont Securities Ltd","25520770","ZM","cavmontsecurities","ZMW"
"Lusaka Stock Exchange","25520772","ZM","lusakastock","ZMW"
"Meridien Biao Zambia Ltd.","25520774","ZM","meridienbiao","ZMW"
"Pangaea/Emi Securities Limited","25520776","ZM","pangaea/emisecurities","ZMW"
"African Commercial Bank Ltd","25549056","ZM","africancommercial","ZMW"
"Luse Central Shares Depository","25554380","ZM","lusecentral","ZMW"
"Intermarket Securities (Zambia) Limited","25557660","ZM","intermarketsecurities","ZMW"
"Fx Africa Bureau De Change Zambia Ltd","26145406","ZM","fxafrica","ZMW"
"Access Bank Zambia Limited","26145722","ZM","accessbank","ZMW"
"First National Bank Zambia Limited","26146732","ZM","firstnational","ZMW"
"United Bank for Africa Zambia Limited","26260088","ZM","unitedbank","ZMW"
"First Capital Bank Zambia Limited","26262610","ZM","firstcapital","ZMW"
"Zambia Export And Import Bank Limited","26618442","ZM","zambiaexport","ZMW"
"AB Bank Zambia Limited","26692712","ZM","abbank","ZMW"
"SabMiller Zambia","27121328","ZM","sabmillerzambia","ZMW"
"British American Tobacco (Zambia) PLC","27199364","ZM","britishamerican","ZMW"
"National Pension Scheme Authority","27452742","ZM","nationalpension","ZMW"
"Cavmont Bank Limited","97723806","ZM","cavmontbank","ZMW"
"First Alliance Bank (Zambia) Limited","97723808","ZM","firstalliance","ZMW"
"Investrust Bank Plc","97727598","ZM","investrustbank","ZMW"
"Bank of China (Zambia) Limited","99990226","ZM","bankof","ZMW"
"Mobile money","MPS","ZM","mobilemoney","ZMW"
"Ecobank Zambia","ZM360000","ZM","ecobankzambia","ZMW"
"ODDO BHF Aktiengesellschaft","10383906","TZ","oddobhf","TZS"
"Citibank, N.A., A branch of Citibank, N.A.","10656609","TZ","citibank,n.a.,","TZS"
"TIB Corporate Bank Limited","11274858","TZ","tibcorporate","TZS"
"Canara Bank (Tanzania) Limited","11288188","TZ","canarabank","TZS"
"Tanzania Agricultural Development Bank","11288192","TZ","tanzaniaagricultural","TZS"
"FINCA Microfinance Bank Ltd","11295332","TZ","fincamicrofinance","TZS"
"Mwalimu Commercial Bank Plc","11298200","TZ","mwalimucommercial","TZS"
"Guaranty Trust Bank (Tanzania) Limited","11321840","TZ","guarantytrust","TZS"
"Yetu Microfinance Bank PLC","11335200","TZ","yetumicrofinance","TZS"
"VISA","190815670S","TZ","visa","TZS"
"TZWALLET","20021376IK","TZ","tzwallet","TZS"
"NCBA BANK TANZANIA LIMITED","200902B7KU","TZ","ncbabank","TZS"
"Exim Bank Tanzania","201211F9EW","TZ","eximbank","TZS"
"CHINA DASHENG BANK LIMITED","201217FGCT","TZ","chinadasheng","TZS"
"Bank of Tanzania","20638200","TZ","bankof","TZS"
"CRDB Bank PLC","20638300","TZ","crdbbank","TZS"
"National Bank of Commerce Ltd.","20638400","TZ","nationalbank","TZS"
"TIB Development Bank Ltd","20638700","TZ","tibdevelopment","TZS"
"The People's Bank of Zanzibar Ltd.","20638800","TZ","thepeople's","TZS"
"National Microfinance Bank Limited","210409HOLP","TZ","nationalmicrofinance","TZS"
"I AND M BANK (T) LIMITED","210413HQX1","TZ","iand","TZS"
"FIRST NATIONAL BANK OF TANZANIA","210414HU05","TZ","firstnational","TZS"
"TPB Bank Company Ltd","22017470","TZ","tpbbank","TZS"
"Tanzania Commercial Bk","220211PFXC","TZ","tanzaniacommercial","TZS"
"Dar es Salaam Community Bank","220531RO6M","TZ","dares","TZS"
"Crown Finance And Leasing Limited","25522602","TZ","crownfinance","TZS"
"Karadha Company Ltd","25522604","TZ","karadhacompany","TZS"
"National Bureau De Change Limited","25522606","TZ","nationalbureau","TZS"
"The African Banking Corporation of Tanzania Limited","25522608","TZ","theafrican","TZS"
"Bank of Baroda (Tanzania) Ltd","25548988","TZ","bankof","TZS"
"Twiga Bancorp Limited","25562250","TZ","twigabancorp","TZS"
"Bank M Tanzania Public Limited Company","25702616","TZ","bankm","TZS"
"Accessbank Tanzania Ltd","25716848","TZ","accessbanktanzania","TZS"
"Bank Of India (Tanzania) Limited","25894404","TZ","bankof","TZS"
"Orbit Securites Co Ltd","26187724","TZ","orbitsecurites","TZS"
"United Bank For Africa (Tanzania) Limited","26194946","TZ","unitedbank","TZS"
"Mkombozi Commercial Bank Ltd","26260012","TZ","mkombozicommercial","TZS"
"Tanzania Womens Bank Limited","26262682","TZ","tanzaniawomens","TZS"
"First National Bank Tanzania Limited","26500306","TZ","firstnational","TZS"
"Tanzania Revenue Authority","26545582","TZ","tanzaniarevenue","TZS"
"Tanzania Housing Bank","26618356","TZ","tanzaniahousing","TZS"
"Amana Bank Limited","26695702","TZ","amanabank","TZS"
"Equity Bank Tanzania Limited","26702352","TZ","equitybank","TZS"
"Letshego Bank (T) Limited","26852058","TZ","letshegobank","TZS"
"SABMiller Tanzania","26955990","TZ","sabmillertanzania","TZS"
"Covenant Bank For Women (Tanzania) Limited","26965348","TZ","covenantbank","TZS"
"Mwanga Community Bank Ltd","26965406","TZ","mwangacommunity","TZS"
"UBL Bank (Tanzania) Limited","27121304","TZ","ublbank","TZS"
"Maendeleo Bank Ltd","27121334","TZ","maendeleobank","TZS"
"Trust Bank (Tanzania) Limited","27162738","TZ","trustbank","TZS"
"Dar Es Salaam Stock Exchange","27187316","TZ","dares","TZS"
"China Commercial Bank Limited","27307960","TZ","chinacommercial","TZS"
"Mucoba Bank Plc","27357708","TZ","mucobabank","TZS"
"First Housing Finance Tanzania Limited","27541834","TZ","firsthousing","TZS"
"Stanbic Bank Tanzania Ltd","60000066","TZ","stanbicbank","TZS"
"National Microfinance Bank Ltd.","97723612","TZ","nationalmicrofinance","TZS"
"Citibank Tanzania Ltd.","97723620","TZ","citibanktanzania","TZS"
"Diamond Trust Bank Tanzania Limited","97723632","TZ","diamondtrust","TZS"
"Kilimanjaro Cooperative Bank Limited","97723634","TZ","kilimanjarocooperative","TZS"
"KCB Bank Tanzania Ltd","97723710","TZ","kcbbank","TZS"
"International Commercial Bank (Tanzania) Limited","97723712","TZ","internationalcommercial","TZS"
"Habib African Bank Ltd.","97723714","TZ","habibafrican","TZS"
"ABSA (Barclays Bank - Tanzania Ltd.)","97723718","TZ","absa(barclays","TZS"
"Akiba Commercial Bank PLC","97906794","TZ","akibacommercial","TZS"
"Exim Bank (Tanzania) Limited","98080262","TZ","eximbank","TZS"
"DCB Commercial Bank Plc","98116448","TZ","dcbcommercial","TZS"
"Azania Bank Limited","98116452","TZ","azaniabank","TZS"
"NIC Bank Tanzania Limited","98116456","TZ","nicbank","TZS"
"Uchumi Commercial Bank","99055174","TZ","uchumicommercial","TZS"
"Commercial Bank of Africa (Tanzania) Limited","99055178","TZ","commercialbank","TZS"
"Bank of Africa Tanzania Limited","99229218","TZ","bankof","TZS"
"Standard Chartered Bank Tanzania Ltd.","99354428","TZ","standardchartered","TZS"
"Halopesa","halopesa","TZ","halopesa","TZS"
"Tigo","tigo","TZ","tigo","TZS"
"Ecobank Tanzania","TZ674000","TZ","ecobanktanzania","TZS"
"Vodacom","vodacom","TZ","vodacom","TZS"
"Citibank Senegal SA","11118516","SN","citibanksenegal","XOF"
"Tresor Public","11350420","SN","tresorpublic","XOF"
"TRESORE PUBLIQUE DU SENEGAL","2004177TNW","SN","tresorepublique","XOF"
"Banque Centrale des Etats de l'Afrique de l'Ouest","20548000","SN","banquecentrale","XOF"
"Banque de l'Habitat du Senegal","20548200","SN","banquede","XOF"
"Sunu Bank Senegal","20548300","SN","sunubank","XOF"
"Banque Islamique du Senegal","20548400","SN","banqueislamique","XOF"
"CBAO Groupe Attijariwafa Bank","20548600","SN","cbaogroupe","XOF"
"Caisse Nationale de Credit Agricole du Senegal (CNCAS)","20548700","SN","caissenationale","XOF"
"Le Credit du Senegal","20549000","SN","lecredit","XOF"
"Societe Generale de Banques au Senegal","20549200","SN","societegenerale","XOF"
"La Poste","25522982","SN","laposte","XOF"
"Caisse Nationale D'Epargne","25553408","SN","caissenationale","XOF"
"Depositaire Central-Banque De Reglement (Dcbr Sene","25556432","SN","depositairecentral-banque","XOF"
"Banque Atlantique Senegal","25562426","SN","banqueatlantique","XOF"
"International Commercial Bank Senegal","25570376","SN","internationalcommercial","XOF"
"Banque Regionale De Marches","25678444","SN","banqueregionale","XOF"
"United Bank For Africa Senegal","26158952","SN","unitedbank","XOF"
"Diamondbank Senegal","26187602","SN","diamondbanksenegal","XOF"
"Sonabanque","26618306","SN","sonabanque","XOF"
"Union Senegalaise De Banque Pour Le Commerce Et L'Industrie","26618732","SN","unionsenegalaise","XOF"
"Banque Nationale Pour Le Developpement Economique Du Senegal (Bnde)","27133146","SN","banquenationale","XOF"
"Banque De Dakar","27319932","SN","banquede","XOF"
"Bgfibank Senegal","27351976","SN","bgfibanksenegal","XOF"
"La Banque Outarde SA","27547348","SN","labanque","XOF"
"Bank of Africa-Senegal","97825764","SN","bankof","XOF"
"Banque Sahelo-Saharienne pour l'Investissement et le Commerce Senegal","98116464","SN","banquesahelo-saharienne","XOF"
"BANQUE DES INSTITUTIONS MUTUALISTES D'AFRIQUE DE L'OUEST","98252072","SN","banquedes","XOF"
"Credit International SA","99985664","SN","creditinternational","XOF"
"Free-Money","freemoney","SN","free-money","XOF"
"Orange Money","orangemoney","SN","orangemoney","XOF"
"Ecobank Senegal","SN094000","SN","ecobanksenegal","XOF"
"WAVE","WAVE","SN","wave","XOF"
"Airtel","Airtel","ZM","airtel","ZMW"
"MTN","MTN","ZM","mtn","ZMW"
"ZAMTEL","ZAMTEL","ZM","zamtel","ZMW"
"IKORODU DIVISION MFB","090844","NG","ikoroduMFB","NGN"
"ASCENSIA FINANCE COMPANY LIMITED","050040","NG","Ascensiafinance","NGN"
"COOL MFB","090842","NG","coolmfb","NGN"
"GRIFFIN FINANCE LIMITED","050041","NG","griffinfinance","NGN"
"KEBBI STATE HOME SAVINGS AND LOANS LIMITED","070031","NG","kebbilimited","NGN"
"SHANONO MFB","090748","NG","shanonomfb","NGN"
"QUICK MICROFINANCE BANK LIMITED","090850","NG","quickmicrofinance","NGN"
"BKD NEW MFB","090722","NG","bkdmfb","NGN"
"STABLE MFB","090833","NG","stablemfb","NGN"
"ISI UZO MICROFINANCE BANK LIMITED","090849","NG","isiuzo","NGN"
"INEBA GOGO MICROFINANCE BANK LIMITED","090838","NG","inebagogo","NGN"
"PAYREP MICROFINANCE BANK LIMITED","090823","NG","payrepmicrofinance","NGN"
"HAYAT TRUST MFB","090777","NG","hayatmfb","NGN"
"PATHFINDER MFB","090680","NG","pathfindermfb","NGN"
"MAHFUZ MFB","090825","NG","mahfuzmfb","NGN"
"CEDRUS MFB","090851","NG","cedrusmfb","NGN"
"OLOMU APERAN MFB","090852","NG","olomumfb","NGN"
"AVVIC MFB","090853","NG","avvicmfb","NGN"
"SPRINGVILLE MFB","090786","NG","springvillemfb","NGN"
"PENTECOST MFB","090861","NG","pentecostmfb","NGN"
"BAIGE MFB","090862","NG","baigemfb","NGN"
"KOINS MFB","090839","NG","koinsmfb","NGN"
"ASPIRE MORTGAGE BANK","070033","NG","aspiremortgage","NGN"
"TELLERONE FI MFB","090788","NG","telleronefimfb",""
"Advance la fayette bank","51051","NG","advancela","NGN"
"NOVEL MICROFINANCE BANK","090863","NG","novelmicrofinance","NGN"
"CASHA MICROFINANCE BANK","090848","NG","cashamicrofinance","NGN"
"BANK78 MICROFINANCE BANK","090866","NG","bank78microfinance","NGN"
"KOBOWEB MICROFINANCE BANK","090865","NG","kobowebmicrofinance","NGN"
"MAXITRUST MICROFINANCE BANK","090843","NG","maxitrustmicrofinance","NGN"
"ILUTITUN-OSORO MICROFINANCE BANK","090834","NG","ilutitun-osoromicrofinance","NGN"
"GRANULE MICROFINANCE BANK","090857","NG","granulemicrofinance","NGN"
"NSUKKA MICROFINANCE BANK","090356","NG","nsukkamicrofinance","NGN"
"SOSA MICROFINANCE BANK","090836","NG","sosamicrofinance","NGN"
"CEVIANT FINANCE LIMIED","050043","NG","ceviant-finance-limited","NGN"
"MAYDEN MICROFINANCE BANK","090854","NG","maydenmicrofinance","NGN"
"MEMENTO MICROFINANCE BANK","090867","NG","mementomicrofinance","NGN"
"FIRST LOWLAND MICROFINANCE BANK","090868","NG","firstlowland","NGN"
"EQUATOR MICROFINANCE BANK","090872","NG","equatormicrofinance","NGN"
"MIA MICROFINANCE BANK","090859","NG","miamicrofinance","NGN"
"RIMIN GADO MICROFINANCE BANK","090713","NG","rimingado","NGN"
"SYCAMORE MICROFINANCE BANK","090827","NG","sycamoremicrofinance","NGN"
"DABTIKIR MICROFINANCE BANK","090802","NG","dabtikirmicrofinance","NGN"
"HAMADA MICROFINANCE BANK","090980","NG","hamadamicrofinance","NGN"
"BLOC MICROFINANCE BANK","090977","NG","blocmicrofinance","NGN"
"DEW MICROFINANCE BANK","090978","NG","dewmicrofinance","NGN"
"OBA MICROFINANCE BANK","090981","NG","obamicrofinance","NGN"
"ZAIN MICROFINANCE BANK","090976","NG","zainmicrofinance","NGN"
"MOVASCO-OP MICROFINANCE BANK","090979","NG","movasco-opmicrofinance","NGN"
"AMAANAH FINANCE","050045","NG","amaanah-finance","NGN"
"9JAPAY MICROFINANCE BANK","090629","NG","9japay-microfinance-bank","NGN"
"Babcock Microfinance Bank","090729","NG","babcockmicrofinance","NGN"
"Nuvion Bank","0000003","AE","nuvionbankae","AED"
"GIANT STRIDE MFB","090475","NG","GIANTSTRIDEMFB","NGN"
"NRI MFB","090984","NG","NRIMFB","NGN"
"WE MFB","090989","NG","wemfb","NGN"
"PLUG MFB","090858","NG","PLUGMFB","NGN"
"DAYSPRING MFB","090873","NG","DAYSPRINGMFB","NGN"
"ETHICA MFB","090982","NG","ETHICAMFB","NGN"
"PLATINUM MFB","090993","NG","PLATINUMMFB","NGN"
"UFORO MFB","090869","NG","UFOROMFB","NGN"
"NOLT FINANCE","050037","NG","NOLTFINANCE","NGN"
"ROYAL EXCELLENT MFB","090990","NG","ROYALEXCELLENTMFB","NGN"
"AMS FINANCE","050048","NG","AMSFINANCE","NGN"
"P-UP MFB","090992","NG","P-UPMFB","NGN"
"PAYSTACK MFB","090986","NG","PAYSTACKMFB","NGN"
"KOLISA MFB","090830","NG","KOLISAMFB","NGN"
"OKADA MFB","090996","NG","OKADAMFB","NGN"
"BAUCHI CFA MFB","090387","NG","BAUCHICFAMFB","NGN"
"INVESTIN MFB","090998","NG","INVESTINMFB","NGN"
"TEERUS MFB","090991","NG","TEERUSMFB","NGN"
"PAYREP MICROFINANCE BANK LIMITED","090823","NG","payrepmicrofinance","NGN"
"Lemmy MFB","091003","NG","lemmymfb","NGN"
"Flutterwave MFB (Formerly OK MFB)","090567","NG","flutterwavemfb","NGN"
"BRANCH INTERNATIONAL FINANCIAL COMPANY LIMITED","050006","NG","BRANCHINTERNATIONAL","NGN"
"Advancly MFB","090759","NG","Alpha Morgan","NGN"
"Civic Microfinance Bank Limited","091019","NG","civicmicrofinance","NGN"